PassengerId,Survived,Pclass,Age,SibSp,Parch,Ticket,Fare,Cabin,Name_Hash
1,0,3,22,1,0,A/5 21171,7.25,Desconhecido,6c969dc7ad8ff99ae4959829c664e8537f5f98a23f41c1d3f394817aa1935c5c
2,1,1,38,1,0,PC 17599,71.2833,C85,f7ad2d69edefb38cae0679b6e6a8953b3f5892c9d12a57d0fd4a2d1e237f538a
3,1,3,26,0,0,STON/O2. 3101282,7.925,Desconhecido,7eb1fa77712a2b7aae183c39084f0ea0c9399488229bc21caffce289af329f95
4,1,1,35,1,0,113803,53.1,C123,c8a06e7446f04298d047e50e9ae4df4b0b63a437da6762c531a8db0cb5f22044
5,0,3,35,0,0,373450,8.05,Desconhecido,885e53ea6ed5a0ed33e075f1ebe2453a6c9eb1aa84053d2e381c9066b2f22a55
6,0,3,28,0,0,330877,8.4583,Desconhecido,fab68f7e6f04b8fb5b7abc3a2e99873834491acd1d34ee88c9516c8acda836a4
7,0,1,54,0,0,17463,51.8625,E46,558f7a8586015ef0608611c686374b01155a139c263a728b859dc06484e4e36d
8,0,3,2,3,1,349909,21.075,Desconhecido,cbd46ee4bc70d2641f1d1d5679915d6bebe00471ed6f7a7e8a1891b1c9ba9615
9,1,3,27,0,2,347742,11.1333,Desconhecido,3f3b1d436a7574b993ffe759313b5fbfa41941c072d82c3d3c97f37b9a1a3183
10,1,2,14,1,0,237736,30.0708,Desconhecido,c54fde5d501e974201ef04f4890fb11e42b64c1d5a6149f73810679cc476d939
11,1,3,4,1,1,PP 9549,16.7,G6,97901174ab27c6de5e7bdd424a2ee9e0f77ce38227ee0d3f3259b19d8b4cc277
12,1,1,58,0,0,113783,26.55,C103,0eb86cd7de54024678fe30b3a78ddf41d8918cff12a6805781715828ff73aaa5
13,0,3,20,0,0,A/5. 2151,8.05,Desconhecido,0384acda8f41266d3e8a91e9e01e33d071957b78f0b5b14d18f07c337cd7e163
14,0,3,39,1,5,347082,31.275,Desconhecido,a985d9cfe2eaf27b2723e9f024d2438744fc001afb7f0ddc627de2b615261a7e
15,0,3,14,0,0,350406,7.8542,Desconhecido,d8e1ad4da6633c639de91f9cc70df8a8839be95abda72796aa21e506e5d2f088
16,1,2,55,0,0,248706,16.0,Desconhecido,e46eaa968c1b2f9904eb9bfd6e31d7ce06af777ac7b6de9905dbc684aa767e42
17,0,3,2,4,1,382652,29.125,Desconhecido,f508fe559752338d5175219848de667feece60fe0917e510127edc0859c8ae26
18,1,2,28,0,0,244373,13.0,Desconhecido,511a68b4797b43fe119b32964a841969a29812153a7ef2a5eb1ab9017e1a5062
19,0,3,31,1,0,345763,18.0,Desconhecido,236eeffbf3b6066444d23529dd3b2392cbb24756ce537d68bc1e62ea80af6d72
20,1,3,28,0,0,2649,7.225,Desconhecido,85e474371158d92cf90323d3e57e007640c5c6953fa10d5fc42e23e5c4a8284c
21,0,2,35,0,0,239865,26.0,Desconhecido,98a687ae9b1ddedd644d19c6a7432aaa0d1de141129378cbd908316b0bde4a07
22,1,2,34,0,0,248698,13.0,D56,b218f39a02d7ca8e139f05cff2d4d0ea11cb9effd736ac1a6de76dafb8cd4916
23,1,3,15,0,0,330923,8.0292,Desconhecido,065abc271db1f3d6a0ada1cfe29ee71c988afdb6c10352cb0abe8781273c1bda
24,1,1,28,0,0,113788,35.5,A6,a39463ccb0e58ee56b38959a2baa17286f10f4abc116c30627066fbcf88757b3
25,0,3,8,3,1,349909,21.075,Desconhecido,3dc050816e8879a9641e1220b5ea15b10da4493504c864fb72b436a6ad616995
26,1,3,38,1,5,347077,31.3875,Desconhecido,aac518961ef5e5ff0c6599051fc3efe7c1b866ecb3c8837a8c44f703e973d31e
27,0,3,28,0,0,2631,7.225,Desconhecido,c05a3f0bac6a0ff16b7a022cf82bf07ca95667d4a2c7cfb97b94e6870f50bf9e
28,0,1,19,3,2,19950,263.0,C23 C25 C27,2b0d1185f87a9c89df8f43c8f1d37315d6457d5fc9e34bfb6e17f8a4ba741e2c
29,1,3,28,0,0,330959,7.8792,Desconhecido,93fd99cef539c09ee667331ee6ab8d22488938e5306d9d65d6af6d576486903b
30,0,3,28,0,0,349216,7.8958,Desconhecido,9b6b9c6b6ff44f734ba7aad7d5de312f107bb26d4b839470aa21dabb818a51eb
31,0,1,40,0,0,PC 17601,27.7208,Desconhecido,abbb4b5e689cacdf46be8ef9bcd6de49560850b0d239e91b1be60b6524181e41
32,1,1,28,1,0,PC 17569,146.5208,B78,0096b593e3df5e4bcc4372529e6d91654837d60996d1176116e9db252b6dbc89
33,1,3,28,0,0,335677,7.75,Desconhecido,f7312ab620854b67c9824206598b506339a18d0621abb6aca25e2c4404e7bdab
34,0,2,66,0,0,C.A. 24579,10.5,Desconhecido,a0477fd22ab2f03f6068599c1aa791c2060208dd8e9fdaa16a3b8aca753f089b
35,0,1,28,1,0,PC 17604,82.1708,Desconhecido,0b93db89e1f84334b0439add2d3f13bd23c530c600381c52e7d070e67eb07ed9
36,0,1,42,1,0,113789,52.0,Desconhecido,bae4087cb0807d01ef76c77eef4e8201aa3d7baba7441149cc50a97a25e23a24
37,1,3,28,0,0,2677,7.2292,Desconhecido,dc004cc183ea0dd25fa7038b88ab70fb2ec54eaf990515178d1afecedec88b4d
38,0,3,21,0,0,A./5. 2152,8.05,Desconhecido,5bb4835e7c032da8e81c9d43c148008c76f3177cdf2acd2781fe10e4a0c68f3b
39,0,3,18,2,0,345764,18.0,Desconhecido,af1880595460cf24cefa6045bf89be9db55ced5b9a73741491676ef4430e1091
40,1,3,14,1,0,2651,11.2417,Desconhecido,5a6ce92cfeebe6127f361fd0ed204923781fe5c14f72450f1ead44c4a8123178
41,0,3,40,1,0,7546,9.475,Desconhecido,44b5884a61f3a3b23e56f827d76f87ac223a4e5300dbcf6e0084724063643d06
42,0,2,27,1,0,11668,21.0,Desconhecido,5e6a55df88bb2d766665c83f341ea3cf7c7f346d086d46e97c05ee54cbe3f83f
43,0,3,28,0,0,349253,7.8958,Desconhecido,bf7b6511f944d445815b3d3531b6e8fc4d65a8d961da17998bd5d41e35d219d4
44,1,2,3,1,2,SC/Paris 2123,41.5792,Desconhecido,f96bc1a64814fa62ddd42d878d6bb325443bca4200a8be93795041575702c7d4
45,1,3,19,0,0,330958,7.8792,Desconhecido,9f818739be1599aa9d1282385a4f43ac2cd5a41ea2ce9de90c7a8867cba1d82f
46,0,3,28,0,0,S.C./A.4. 23567,8.05,Desconhecido,948059af095aeab46b1f485a4a651dc0f0b15c7a2d3018a3a3fd0289fc8405b3
47,0,3,28,1,0,370371,15.5,Desconhecido,19162f22b5b37d80f0bcb6ba2b2827af0350ec0ce6fba58d5a455ddca703ae11
48,1,3,28,0,0,14311,7.75,Desconhecido,d03167f994a160269f2077e4b10296189323398b05a0b808277f7e2fb872fd5f
49,0,3,28,2,0,2662,21.6792,Desconhecido,845d62b13b6cff71d4197c60add7d4c5118f4f193a1a8422be5286943ceb48f1
50,0,3,18,1,0,349237,17.8,Desconhecido,7cbc41b6305f0782a80cad21c5666eb834c16384d999dab18dfead596c2b212e
51,0,3,7,4,1,3101295,39.6875,Desconhecido,0d4593e30fc208cc162a4938fe45f70b7a9b40fea1a9914d5089fd1e90752c24
52,0,3,21,0,0,A/4. 39886,7.8,Desconhecido,fc6d619d29b6ce0e210862fb2bc7943a513cfa091e2c06b0cb7b0ed09e093b0e
53,1,1,49,1,0,PC 17572,76.7292,D33,fc2e90ad932dad20c671dafaf86f97695f4d82038177490d07628b8b2366ee9c
54,1,2,29,1,0,2926,26.0,Desconhecido,2795be351ed14d6d87bfbb867df434a3edf5a8ac99531a54bed61343a25090b0
55,0,1,65,0,1,113509,61.9792,B30,15ae69e7bad0a060a91736f840c755b9483767d0d3e3e5198ced8dc821d31a72
56,1,1,28,0,0,19947,35.5,C52,56ca84cb0ce589e21e779e275558c11bd4eba5e14622460ee7ef06aa715f53b8
57,1,2,21,0,0,C.A. 31026,10.5,Desconhecido,e9897dbe2460192fe2d62f26a0c69cf35158b5b45c8a4a00ca92a8b606cf3665
58,0,3,28,0,0,2697,7.2292,Desconhecido,323a74bf10721b106be346ec0e59279fb4b80c1d16f94c841aceddf81167bfab
59,1,2,5,1,2,C.A. 34651,27.75,Desconhecido,aa415d27459cd66750277470181d63fb8a9e2bd53694376aac9e1128d5fa071e
60,0,3,11,5,2,CA 2144,46.9,Desconhecido,11080a6e9e6ca10663d4e19ababc157e25af639a4f3240bd997aff833463893c
61,0,3,22,0,0,2669,7.2292,Desconhecido,32fdbc06c8dbff40d82b2a4ecd4ccf00e4dd12c0c410d6c707a7980c314f4050
62,1,1,38,0,0,113572,80.0,B28,e8968ac483e79ae687f6d53b2ea80da4bfe12af18f211f689c84e91f665821ac
63,0,1,45,1,0,36973,83.475,C83,206d26800aafbd90094ca5181df504a731dc81a916a4b7af473567ba9ee34b4b
64,0,3,4,3,2,347088,27.9,Desconhecido,59630cd336a9654546a229ff5949b0d8ebb941d6e9b045f05c9e8ac0a6066551
65,0,1,28,0,0,PC 17605,27.7208,Desconhecido,109f1a6407f4671dd1f51ab3b8eeff07585b847ed2ab0d2bf2c35e5bf9593f67
66,1,3,28,1,1,2661,15.2458,Desconhecido,84a1c27c4a9345036d80eb425730f20ca776503dc2cba5199f56d59506afc5ce
67,1,2,29,0,0,C.A. 29395,10.5,F33,6c2ddd0ac08a7d874b88e9e20a162f75c4153f28ff88d7304cfe3ddcd72eb513
68,0,3,19,0,0,S.P. 3464,8.1583,Desconhecido,8b61c0f65902fd9087a1e95349e0ed678d49d6d333f180b9cb95dc9cc9a2eb16
69,1,3,17,4,2,3101281,7.925,Desconhecido,262b2e0445a9173c3cc2d6690685f95c0df645de68210971dc6d65c982e9473f
70,0,3,26,2,0,315151,8.6625,Desconhecido,c71b18eba35e185008a46c094f2d51ba06a03ef041dbb18b934b121608fe52b3
71,0,2,32,0,0,C.A. 33111,10.5,Desconhecido,321b1bba1cdb0897b92b3c92ae84a0a32545c7d66cab09dbddeaa4df79182da4
72,0,3,16,5,2,CA 2144,46.9,Desconhecido,d3292de2a5efad9981bb21b8c8cde27549adcb2e860995004c51ff1db4096f02
73,0,2,21,0,0,S.O.C. 14879,73.5,Desconhecido,0431676acb1f1c6d5a31a6a2a2cea89733897034da76ad98ce6761741124de97
74,0,3,26,1,0,2680,14.4542,Desconhecido,0f7cbe8dd69e8d05b77c3da1548385cefeb7b047907fb5e6b2bee7680334f1cd
75,1,3,32,0,0,1601,56.4958,Desconhecido,a9548df69c75f7d296fd517b1825a6285fb7292ed90e5c122462b410c1371f54
76,0,3,25,0,0,348123,7.65,F G73,668c6be42da0370b86ef1e25d34cbcd3864b9e9fc581c0e53fb5c9cdf3d820ff
77,0,3,28,0,0,349208,7.8958,Desconhecido,50c8f0211b1f997a5a848903617cd8c3cdfc74beb171d23133555feaf8127d7e
78,0,3,28,0,0,374746,8.05,Desconhecido,bcee2fbf427a938cebbaf64c44564ecceefff268aaf15b30c5983391ebf03964
79,1,2,0,0,2,248738,29.0,Desconhecido,3709e8b19f07f8f2ea619ca0d9cbca364ce2d1d7a49e1b7414f6835ff9757dc8
80,1,3,30,0,0,364516,12.475,Desconhecido,da555c60993efaa966dcd10803eb3f17d87b3b97fc01c5ec068d6eb00eebbd84
81,0,3,22,0,0,345767,9.0,Desconhecido,2b698c783cf27c5bc0d22375b6f525a18aac6dc7e685f7825f42e713fd203838
82,1,3,29,0,0,345779,9.5,Desconhecido,2d273a02484d1bbc00b1d97499ae8eccd517900a51d809594b656c31f51eb539
83,1,3,28,0,0,330932,7.7875,Desconhecido,c5bb95fb41a3d9a6e9c0e488569f4607e1c8269307c9d26070e5658d9105326b
84,0,1,28,0,0,113059,47.1,Desconhecido,136caeea1e39bfbf48801dcdb134289dba124a93474fe79ccfa787c58ed6431a
85,1,2,17,0,0,SO/C 14885,10.5,Desconhecido,cad5ffa5491cacbeb9134835f61a59233b3594b447912a451fd8592d28190ed2
86,1,3,33,3,0,3101278,15.85,Desconhecido,4929ebd3ba0cea037934d94ab40237ee888a7b53da6f866ab4e632d1a3f97528
87,0,3,16,1,3,W./C. 6608,34.375,Desconhecido,104ffc72fba68da04329a8f15ba165d3d31773538ed86ad21a8c0302d6d86bae
88,0,3,28,0,0,SOTON/OQ 392086,8.05,Desconhecido,95f0ef7b267afab13dfda6dd29245335503d5534a2c449691b8a3d8cba798fd7
89,1,1,23,3,2,19950,263.0,C23 C25 C27,10fa7807e7b9c9de8dd6a165e968063221a627f964b96f9d8a76c1317664415e
90,0,3,24,0,0,343275,8.05,Desconhecido,e34e0d5b6db321f82bfc6bcc5c6fa1c5da67254f98c8f378e9dc7af97d283131
91,0,3,29,0,0,343276,8.05,Desconhecido,c5ce7b6c2c88fccd3c181835fa041a37b28b2783f0a1308e4dfd73dfe0b27007
92,0,3,20,0,0,347466,7.8542,Desconhecido,da51bb2939e2c5a03b49415d9e11677303c9b39b599d6e70226f94b84a5b6a99
93,0,1,46,1,0,W.E.P. 5734,61.175,E31,a1a93e10b9bc02105c655d58d34aba0fa00508773df65f3bb81ebbb72d3e4005
94,0,3,26,1,2,C.A. 2315,20.575,Desconhecido,6aa8c97475d9ffa63dcebe64151a85b75dfdecd0398f655a608a08bf2a0ff3d2
95,0,3,59,0,0,364500,7.25,Desconhecido,449061468fc871930ec499b5508ed2270219300c4c6374e1a6d0ece018c47c0f
96,0,3,28,0,0,374910,8.05,Desconhecido,dc66d7cd271fcd2310eb82666aa6ea00ca76bb7304f46313b5acf145d45f50fd
97,0,1,71,0,0,PC 17754,34.6542,A5,8cd0678d28a86176fe815a682bca72562de08937e1d603e6422cc1d38a1bee77
98,1,1,23,0,1,PC 17759,63.3583,D10 D12,1f6fff5b9bdd16101060e15988b9bd2639124da6e3796b95cfd7f58ab3fca2ef
99,1,2,34,0,1,231919,23.0,Desconhecido,9d837a1f3bf724c314f8d1840c4651a1f10ed7ff27654d00a8da763b53f98fae
100,0,2,34,1,0,244367,26.0,Desconhecido,8c5de914b2ac53d78e9e9eb850b0b16aeadfbf84203946e9dfc8e49051900bc9
101,0,3,28,0,0,349245,7.8958,Desconhecido,95322a68cbf893abf60643f9cbfb097b64d298b87e10ad9e5446fdb69a682091
102,0,3,28,0,0,349215,7.8958,Desconhecido,bb0667a8564b30b9a7c7167351c5fa32417d162c1422467704a288ddabbdd1ae
103,0,1,21,0,1,35281,77.2875,D26,a145c6dd8e024744502ac6651d73930432de491335ff3fed77ef7d4b27935139
104,0,3,33,0,0,7540,8.6542,Desconhecido,94b7d445be2864dfb7c0ce146990041a5bed205fec225e5302e6af136538f2f1
105,0,3,37,2,0,3101276,7.925,Desconhecido,ce266d8cf54ced57a717b9c25942b1a35790c4f60e104ffcab7126ba2f94244b
106,0,3,28,0,0,349207,7.8958,Desconhecido,24de4e7f8c15451203293a086581e4135ac9668fc35f91a2ac5c25bb92a85f5a
107,1,3,21,0,0,343120,7.65,Desconhecido,6af9137f04059257ff7dc846697167c06c880f56c49eea1801cfd436431bc957
108,1,3,28,0,0,312991,7.775,Desconhecido,3a44460fd60f20755f01dba39da2d3afe19ea6df3ca9c317f05d39cfaacaf595
109,0,3,38,0,0,349249,7.8958,Desconhecido,2c1a0901724a88325ef94b3fa2eb0e6d5c1ba18432ed95813e26f368e22aae73
110,1,3,28,1,0,371110,24.15,Desconhecido,53bc21c1b1c8ec485946cba676ad59e2f1ec29b122ff79a7a0d521a53c4bec31
111,0,1,47,0,0,110465,52.0,C110,77b81d22a0024611dbde32f9297c7bae0154610ba3f91d58f05e5cdac44c6597
112,0,3,14,1,0,2665,14.4542,Desconhecido,207cc5bf06e8cea4a33173e1f03dc31f730084283db0aaaf442e4fc4825a0180
113,0,3,22,0,0,324669,8.05,Desconhecido,1c3d1b82bd8d3cc44daa3e8300ad13cb8de5313356e8fdb1155c8f4bc8abf39f
114,0,3,20,1,0,4136,9.825,Desconhecido,6be2c5918dc1a867a76bb1466fe4cf13526f67ce7ad6e62b0abc484cfef9aa87
115,0,3,17,0,0,2627,14.4583,Desconhecido,e9295c2170b00f66d593d1c4ee578f91153bbe29debfee8368738e4ad7e64a81
116,0,3,21,0,0,STON/O 2. 3101294,7.925,Desconhecido,960ce539e28f4986bec280c64ced9f012107e2bacc2326fbbf24166fae6cf71a
117,0,3,70,0,0,370369,7.75,Desconhecido,4e6d11601e4829005de85cd0964365f0a9eec5ef5050e2c2c532ce96b3c1654e
118,0,2,29,1,0,11668,21.0,Desconhecido,32218a63348bf6823d80c8cdcb13e282ae226160d7e10b6ec5bb7b63182d0b0f
119,0,1,24,0,1,PC 17558,247.5208,B58 B60,49fce423debeacadd70a8288d2bedcc1baebfa783e0d79d0b58fee87b00d99c9
120,0,3,2,4,2,347082,31.275,Desconhecido,bdde7a16157b60032bc90718cc527de51c2f2ad3357df86c76072c815f854041
121,0,2,21,2,0,S.O.C. 14879,73.5,Desconhecido,238ea665082c1872893a4fd5737be1e67af93e7c3a363873153048b8c7f1cf5e
122,0,3,28,0,0,A4. 54510,8.05,Desconhecido,ebd0ec9ed8c63edca99fa94238147752d1153e96798ac28ac4897dcc7df5921c
123,0,2,32,1,0,237736,30.0708,Desconhecido,c38fe780ad367666ae460a9220edc6b798152adc03778f1ff0be1452430b4043
124,1,2,32,0,0,27267,13.0,E101,974b9f353c2b21b1b537f09453a6c95904a94c63dde6e83a373ddf9b16f9953c
125,0,1,54,0,1,35281,77.2875,D26,23f47f195d01f4e9077ee33e590a6a43c394a0ff518852a92311d17cf90a5868
126,1,3,12,1,0,2651,11.2417,Desconhecido,2322a1b843dc70a5d8c1cb4df44d78e62b40e251322749b809c2b860176366c1
127,0,3,28,0,0,370372,7.75,Desconhecido,cebd06a4443b7a56518b2cb45b7d468d903230342d99d5119455fbc25fc73d96
128,1,3,24,0,0,C 17369,7.1417,Desconhecido,5744212795ba512a6700342d3f38fd90658b013910931101adea432ee69f8fc6
129,1,3,28,1,1,2668,22.3583,F E69,71ee6023130ec23d9daa38746e35bdcda0d9f94973e27e22b6f65147cff68095
130,0,3,45,0,0,347061,6.975,Desconhecido,b01e8f660d6cffeb20efd703680356387dc4c93237f0239b37743ac9f30f00d1
131,0,3,33,0,0,349241,7.8958,Desconhecido,35cd24244a5fd222385ae35a5b1bda565e26be7e8cc49fdb7acaa7aee670b8ee
132,0,3,20,0,0,SOTON/O.Q. 3101307,7.05,Desconhecido,a6a4363709b3b096f8ca9be39ae82337d859ed51ea8fa0a911385d3f075a52ec
133,0,3,47,1,0,A/5. 3337,14.5,Desconhecido,a92eb4593e9d736aca1e899a39e1e80b5924f7cd8aa0458f16a35a5271963320
134,1,2,29,1,0,228414,26.0,Desconhecido,ab11516b28a4a51bd70a7bb0cf9e11fc3f14ae53994971066f532d9b4316b28c
135,0,2,25,0,0,C.A. 29178,13.0,Desconhecido,0e4e9f7531be506ed74a07d3cb7c639510958c2b42907a8880f0a3e618899fdb
136,0,2,23,0,0,SC/PARIS 2133,15.0458,Desconhecido,7ad199a142cb507b2b713a8803ad693cb53f217401abe1afc336ca023ad6a7da
137,1,1,19,0,2,11752,26.2833,D47,b0d9142d1244b72f048bb906a13f6d2db26cd83b7734bc1acabe1e261df504b0
138,0,1,37,1,0,113803,53.1,C123,971c417e20d56b2d21234fb225857ba4ca43f23811b3a4003af138004dd97e44
139,0,3,16,0,0,7534,9.2167,Desconhecido,e4b83352a48dbbd6af4f0c46ea23ad62cb777c721a8ea5dc2e08e05cf7eb374e
140,0,1,24,0,0,PC 17593,79.2,B86,c3db8b380b5130015e90fdb0ff0a98e9e654e6a72190e26a442c5a0f64fbcb00
141,0,3,28,0,2,2678,15.2458,Desconhecido,933aefef1d50a70451e11891d1c282af767c9cb3329b35033270822a0561b30b
142,1,3,22,0,0,347081,7.75,Desconhecido,568b85866f8760092b93716e0b7abe1957eac473baa416df0b6cc7fd3e19fd3b
143,1,3,24,1,0,STON/O2. 3101279,15.85,Desconhecido,81ac3910b37ba19b5cfb4318d4d081dfa1b444963d221b210842378896302669
144,0,3,19,0,0,365222,6.75,Desconhecido,49757ff7ac79d3d03b134b5cee0093828d952b256bbd76d8816311fb640c6202
145,0,2,18,0,0,231945,11.5,Desconhecido,1f48bc0c238c5c8d82f45a2a30bd49f8cc7e77836988bbf3f618b81e9325a92c
146,0,2,19,1,1,C.A. 33112,36.75,Desconhecido,e37cc1d4531e326056ebf750dedb1ffc03249c57320d9fec93adaa70caebc4b7
147,1,3,27,0,0,350043,7.7958,Desconhecido,891130f577c81e5f3e9afd58f71074c1442ef7d282d87807c25d9e9743969d78
148,0,3,9,2,2,W./C. 6608,34.375,Desconhecido,0c74869f278477153a46ad6400fc5f88a881436348b50b491a148706776d046a
149,0,2,36,0,2,230080,26.0,F2,ce08fab47d91416990184fd08123b6d92af0b5aeb3a9a52c6f6b0e9c21622ea4
150,0,2,42,0,0,244310,13.0,Desconhecido,c5afee5101e27df407698fef3954803e20192c1afd7e0fa6bb4fc63b4aceaf36
151,0,2,51,0,0,S.O.P. 1166,12.525,Desconhecido,ad1cfa19d58c158ee10f9fad0236b67db3c675f509e2e5ece5840578a34fe96f
152,1,1,22,1,0,113776,66.6,C2,7e53dd0e52f79cf3fde3656a65562537c9e22c5b33ac5667ed3ce199e96076de
153,0,3,55,0,0,A.5. 11206,8.05,Desconhecido,6845f9ea4f187a5c84cd90ca46c63bf5b91cc6b778b614bc6e94107db03b9544
154,0,3,40,0,2,A/5. 851,14.5,Desconhecido,4554dcb652981806f699e28c37166b18824f483125ee62cbd91900e1488e5232
155,0,3,28,0,0,Fa 265302,7.3125,Desconhecido,c34b449c5c61202f80e7e4a93d6213d8f0e7ffabcee69a2259d02168ba61e58a
156,0,1,51,0,1,PC 17597,61.3792,Desconhecido,ed1007011c080b8bfce9e30d70e9db1841b5885460f1ee5d2bb6c702014b773f
157,1,3,16,0,0,35851,7.7333,Desconhecido,4a766aabe403dbe5f8c1388f2a8ab55f04e3bf2ce70bf582457dceae134b8279
158,0,3,30,0,0,SOTON/OQ 392090,8.05,Desconhecido,36eb660af8a0668a0704a8acdd617494bcf4ad3a7f736fb84a01000c6ec2312b
159,0,3,28,0,0,315037,8.6625,Desconhecido,9f6dc6d1a2cb87e6fb1dc68356c5c8de4d33c04c0ef7003dedbd982cdb3e497b
160,0,3,28,8,2,CA. 2343,69.55,Desconhecido,4b75799c967abfec620dd7af20b9561a3ed9c05c8fb72ce1bb65c95739adcb76
161,0,3,44,0,1,371362,16.1,Desconhecido,5c625066a977c9c3b48e121c40bd86df0e386f8e939faa6eae56f283c16ff6c7
162,1,2,40,0,0,C.A. 33595,15.75,Desconhecido,2958bd7c28d8518c14334dd6dc0edfafad58193da010a7eaf1d4323af353070c
163,0,3,26,0,0,347068,7.775,Desconhecido,a6a8c44e64465843bac9018c0f362e19f4ef45f6c94fbe15c67af4a41509aeed
164,0,3,17,0,0,315093,8.6625,Desconhecido,257f5ba008da5c81f9caa305b322db292465d95df34082b1edf210a1541eb43f
165,0,3,1,4,1,3101295,39.6875,Desconhecido,15abde150e982caeb0681dca9118668c83837fed080821260e081a2952831d3f
166,1,3,9,0,2,363291,20.525,Desconhecido,1619733f6a78434d4a807002089d410fd197619319cc742430717d26beb7d3fc
167,1,1,28,0,1,113505,55.0,E33,942f07ee3708d779bdfbeef726b9c9ebfdcea3ebb3582e3211cfce819e6d1ec4
168,0,3,45,1,4,347088,27.9,Desconhecido,2a001f6f99979bfbd2f7f6820efd633efe44bfa9a47e8e230deb7c76a8d6eafc
169,0,1,28,0,0,PC 17318,25.925,Desconhecido,f1e5a48ec35dbcf23093ccdd05498cf5f04fccac663f660508f9a3d344786fa4
170,0,3,28,0,0,1601,56.4958,Desconhecido,e688a6e1d87526a924d3bee542990e02b862e2305fb5a96d146e7435f2194bde
171,0,1,61,0,0,111240,33.5,B19,557b8e5bb11bfbc1a9fbfb1c5a8e05c26f8bd8bef6e7548b1f0f9902d0c77648
172,0,3,4,4,1,382652,29.125,Desconhecido,2be66c98bdc1fe03e351386f4f0fdf3018f55f56e65afc6fcb399461b4d410c8
173,1,3,1,1,1,347742,11.1333,Desconhecido,8cfaeb1855f2cc2ec222c7ddb8e90132d6eb6021266c23bdaf8384342869ca4e
174,0,3,21,0,0,STON/O 2. 3101280,7.925,Desconhecido,5dfc1e314b05449118b5f4a93407aa2f7731d126b6c9d55af2a0ae616d2dc6a2
175,0,1,56,0,0,17764,30.6958,A7,4d6fa0fc960db92015c4f93fe3a3cae38bc89944a46f9f61176cc95038bb7c94
176,0,3,18,1,1,350404,7.8542,Desconhecido,bebe25c09d54d85fc26f77e93a45a66dc78b231f0b0c9149166698be5bb96677
177,0,3,28,3,1,4133,25.4667,Desconhecido,19f875188724e3c6696a60a7c9424a2d9d3ac94b90e98b9235ae0b2b921348ca
178,0,1,50,0,0,PC 17595,28.7125,C49,a10d046191d3c028c95c288a5ed175239ab39096e6f420dc6c1315aa3f6c1747
179,0,2,30,0,0,250653,13.0,Desconhecido,5ee3e45641414b1d817b51ea9559d1f32879137e76e86ea7dfdaa35a81a9e5a2
180,0,3,36,0,0,LINE,0.0,Desconhecido,44254399ec3f0f53c12775b45e1e8983673ca60b5a1576907050db6b0e47316c
181,0,3,28,8,2,CA. 2343,69.55,Desconhecido,5222b037f6a33747066a2fc2c880f5dd738fa2cfb0648352a0db881cad1a38e6
182,0,2,28,0,0,SC/PARIS 2131,15.05,Desconhecido,7eb7d6da704b450db02f9afde92a237bd6170b27773611f3f404ce4b0b58200a
183,0,3,9,4,2,347077,31.3875,Desconhecido,9d51ca705324e6d71e36eece0a65888f8bc8c7b3c800744bc910059bf7998152
184,1,2,1,2,1,230136,39.0,F4,13c513f063011db90df6288835e41a7cf328a43971c470a216b0738203a7a946
185,1,3,4,0,2,315153,22.025,Desconhecido,d7e539adce3dbb5c8c88fd4c81b66ed40bc638eb81354e0cf5153cd80b7f0e69
186,0,1,28,0,0,113767,50.0,A32,f6c7ff1359515d1d67022e219d7d6364dea7ead3e86524f944124601856b42b4
187,1,3,28,1,0,370365,15.5,Desconhecido,ef52bd7f8e2e560a42f011ccc40fb840991ac939e7b00b1944ebcd6db78896af
188,1,1,45,0,0,111428,26.55,Desconhecido,4a8966e6c6b88b4895e0e1d3fce7e8135332454cbed4033a4a51c39f400c69cc
189,0,3,40,1,1,364849,15.5,Desconhecido,94a6896d3ba69f8d4eb531074d173ac0dbb548a82a2edde2ebf5021823368ca7
190,0,3,36,0,0,349247,7.8958,Desconhecido,4804f78f9d16ebc49c7332182c6b951b63247f25c596135b0fb1bc87f9638f7d
191,1,2,32,0,0,234604,13.0,Desconhecido,72fc9bde4521d0080deb81a72d4956e721a1e8613a8e579fff151942b0659f9b
192,0,2,19,0,0,28424,13.0,Desconhecido,bd5c580c401ee514140a30a2d6b3e6bbc4c05f798b25a494e0d96c867421d783
193,1,3,19,1,0,350046,7.8542,Desconhecido,709cfca378b0a3e3bd432337c86e9837265f299e94afa5c2b50bcfddcc281573
194,1,2,3,1,1,230080,26.0,F2,82074d04fdc23302828f6a3541fb116aeb8aa052e33e0e8dc406f5c8ef96c39a
195,1,1,44,0,0,PC 17610,27.7208,B4,8b3c56f26ad30522547fd93aa688a5f20aa7a6c21fc0014ecd4d29b606bda173
196,1,1,58,0,0,PC 17569,146.5208,B80,6191666fb0008c5ac0b198e7b4649c06e2b73519b25fc0e0a26eeb66464f49a8
197,0,3,28,0,0,368703,7.75,Desconhecido,bcb940ed46b916dd2a6692cfb7c4fd8ac96d6993f0fc5d0c0c2f1717ed5a2282
198,0,3,42,0,1,4579,8.4042,Desconhecido,e4333982eeefb7a3654578d78911d09a45b183fb4e048cfe73f8c0dfb1ff2724
199,1,3,28,0,0,370370,7.75,Desconhecido,a259c1f7c01aac063f85ced786d23b65ff2eafb80933cd0634cc1ed2d35f5c33
200,0,2,24,0,0,248747,13.0,Desconhecido,cea5f98b7be4cc269807e60c5f3af47c1c7b16e425ce31448e1d19610f1a40bc
201,0,3,28,0,0,345770,9.5,Desconhecido,2bb505ec36e2c1476db737fb1b8d6260c5b963972c0f1c8ef69073b82ba3facc
202,0,3,28,8,2,CA. 2343,69.55,Desconhecido,589a76e797cfad5aa96639642183880ffb3fdf46a03201a71bd915fc4473eea7
203,0,3,34,0,0,3101264,6.4958,Desconhecido,0eb4359ae463621cf19fe5263feb3bdf5ab06ebb652e55999f2cc6fcdad13951
204,0,3,45,0,0,2628,7.225,Desconhecido,f6f93be1aa458a72295b68983ff7119397eb840a0e81d745b00cb046628050d4
205,1,3,18,0,0,A/5 3540,8.05,Desconhecido,52f741f236c7f1f965153757ef74961d34338908f843e572311174e7216f2ccb
206,0,3,2,0,1,347054,10.4625,G6,de82902dc4d89e614d572fd3a201de6e44f1a97271a56f27e58bc09e133b77b0
207,0,3,32,1,0,3101278,15.85,Desconhecido,e3078bd665f7e2aad92330f8ba2d3a7be1c82f460282697bbbf2277385410f5f
208,1,3,26,0,0,2699,18.7875,Desconhecido,0fbc35e3bf880e4301142cfe4a7f1f65f909eeaabac3a9ce54630f9adcb362fb
209,1,3,16,0,0,367231,7.75,Desconhecido,09ec74b17588af6dba41def076563e218877042ac86c7403f9d4a85b93355633
210,1,1,40,0,0,112277,31.0,A31,2bddf877ca66b312ab4cfe97f5d0f118dc16fb828284f7ee27d7a0629e4b6ea6
211,0,3,24,0,0,SOTON/O.Q. 3101311,7.05,Desconhecido,fd376c0577afb6f7e7126893339ac75ca661bca4491e0ed1d0d24a3018a62141
212,1,2,35,0,0,F.C.C. 13528,21.0,Desconhecido,ef0fad34b8c8bbf431bd8ca704bd6d18710e5054fa369fc489b8c8c67e3dc084
213,0,3,22,0,0,A/5 21174,7.25,Desconhecido,e1e6423bcf89a99e2a1feb545f29654cc7ef296af50290085bdfe3c3e3d54ba5
214,0,2,30,0,0,250646,13.0,Desconhecido,405a5e02f6bfdf285e8c148587fbb881c1f83472a17f3ceb0e00f507eb1439d5
215,0,3,28,1,0,367229,7.75,Desconhecido,3876c1a3fd9b9d7017e4db318aa907803a14db0b4d5a807e421cbb0b9544668f
216,1,1,31,1,0,35273,113.275,D36,35c912404e39398e147dcb7ade397b3ebfd72fcb3f32bc89803b5c802bdf3407
217,1,3,27,0,0,STON/O2. 3101283,7.925,Desconhecido,a707bf9a133fc8300d4451786e8b543ff00f5c14a95131dadedf7482f83d3568
218,0,2,42,1,0,243847,27.0,Desconhecido,99a74ddc7b0d3d655b898bb9a2d57de2428712a01cff1eebac0cd0aa39031fa0
219,1,1,32,0,0,11813,76.2917,D15,084538f3527f87d8bc082d1fa9477f5722565a5b0c6b1cd9b04123f47c37a629
220,0,2,30,0,0,W/C 14208,10.5,Desconhecido,87981a9011f83257bd932449afd4e7c810a0f85716efb8afabe3a537ff8f9cfd
221,1,3,16,0,0,SOTON/OQ 392089,8.05,Desconhecido,2f1e495b1041fd23373efb841dd0f57a668caffc76e948bf59ac0b2583ce4ec3
222,0,2,27,0,0,220367,13.0,Desconhecido,e1315bce06a110ddb678b8c607fc9807bb2bbcb4caf7f5a741e69731662de5aa
223,0,3,51,0,0,21440,8.05,Desconhecido,3ab94372c3d92d762e24a349a3df8c37a2710adb06804c68c09811a4a101ac51
224,0,3,28,0,0,349234,7.8958,Desconhecido,f9eca582460894264a2becff76a28c64438cbefa96d402e525c47e54824a78b5
225,1,1,38,1,0,19943,90.0,C93,5f5f9d87fbd70f4113368d69d2ca0d743fcf453b014318d9ffc2352e10a5da51
226,0,3,22,0,0,PP 4348,9.35,Desconhecido,968ae7c6b022583f2767568eee32cb07eade06315bf4a8d2484510497436e935
227,1,2,19,0,0,SW/PP 751,10.5,Desconhecido,fee89b758ba75aa74a547837d120a078ffdb49c631708e4b72e2ce4890340dc1
228,0,3,20,0,0,A/5 21173,7.25,Desconhecido,2608543a5078df39f94685bbe8cef778ed8489b277393adee9f6911275f57177
229,0,2,18,0,0,236171,13.0,Desconhecido,572055eb8849d00b95399b357d11e40302f274c4f92dbfad17be112a76c1668c
230,0,3,28,3,1,4133,25.4667,Desconhecido,4179b28f96ba3b32330f23cc0f48eb9707445cba7bc7a46c9bc57b61d43e03b7
231,1,1,35,1,0,36973,83.475,C83,f7ef7e0eda7306edf4e2948194b76fc6038981a30e5e6c146890e995493b94ec
232,0,3,29,0,0,347067,7.775,Desconhecido,726fa0b80099cedfa3e8c6051fcfb9ba1193887a167e5bbd3fb71bd8a9479b87
233,0,2,59,0,0,237442,13.5,Desconhecido,17cf17a60781e6088294f527138ea4ea32e7b8c14bade5bb73c696f16322c91b
234,1,3,5,4,2,347077,31.3875,Desconhecido,5920375c5d6d2ecffd310afd725e7601d9e7db7d85fd75344665ae5265a19d5f
235,0,2,24,0,0,C.A. 29566,10.5,Desconhecido,0f6b4d05016e1c36e58ded04d339a8c317d7ef75641575ac3fdb45553de583cf
236,0,3,28,0,0,W./C. 6609,7.55,Desconhecido,b4516f7e864a3bdd6d90b0a0941431c31801414e1cfcbc31443152778a9c5225
237,0,2,44,1,0,26707,26.0,Desconhecido,abd6bbc32f34332070edb29ee29f9cb18c7e215cfd4c79a5d5f3693b1adc9473
238,1,2,8,0,2,C.A. 31921,26.25,Desconhecido,6fc5fbd480c593e694f32c17d448219137d93838eeb4d047adf8e02ac62d08bf
239,0,2,19,0,0,28665,10.5,Desconhecido,9de3cd7421f6cd7e227aa87440a4d35de580a262e9789f8c22ab8d7d7130fbbf
240,0,2,33,0,0,SCO/W 1585,12.275,Desconhecido,9850de008d70316de7696f1cf8a0902a6cc26d5e9d915af02c2c7ee8f3c3e5b6
241,0,3,28,1,0,2665,14.4542,Desconhecido,0ccb81b8550ad018863ba9f7dc30f6b7f4d820243aaec1f9039713cc1c4e72c8
242,1,3,28,1,0,367230,15.5,Desconhecido,760853f683b36805b56a09d82be40fbe48035604983ce754b0f38403008cc9f8
243,0,2,29,0,0,W./C. 14263,10.5,Desconhecido,e5773607fcae7c2eb5923786333da512812b995831712d3925e9d3b0abb1c75c
244,0,3,22,0,0,STON/O 2. 3101275,7.125,Desconhecido,55f6e1e9fee6acdc2d35ad384fbba841be2919913d23e0ae1c9200370e536fdd
245,0,3,30,0,0,2694,7.225,Desconhecido,b83e987f498d5fa6a16275a3061ac2a9765c509d0ecf99ed89e42e03ee435620
246,0,1,44,2,0,19928,90.0,C78,43aef668c6a5121a038ace5e2f0d7d723c351d266ddde02823eafff2df7e9a2a
247,0,3,25,0,0,347071,7.775,Desconhecido,a4a8aceb58db7c8810365ddfd02711379ce6cdb509f55cde3ca8ba069fd8e39f
248,1,2,24,0,2,250649,14.5,Desconhecido,0da8c264bcec3505dc6c7a3d67383fbe688240778a98743407d50f18e223a329
249,1,1,37,1,1,11751,52.5542,D35,c8749b187c3c8b979a7a76e1e4d095919cdcde5ac3c5b23ec0a419f4b0a146dc
250,0,2,54,1,0,244252,26.0,Desconhecido,6718e6f5abc5429615eb6686a83084ae96a8391dbbb940042b7351164cadaa11
251,0,3,28,0,0,362316,7.25,Desconhecido,7d248b7b48919fb53669b5e9a2c717785bf1b9b6b52b02f436b59e99b9b2f05b
252,0,3,29,1,1,347054,10.4625,G6,185c57279802308e76fc00c3d1f3abc0cd9e7b854a9ea03733848f5528766e94
253,0,1,62,0,0,113514,26.55,C87,b71466b76857d122e41bc651401601347be1305834a46c16a480a8350c3163f7
254,0,3,30,1,0,A/5. 3336,16.1,Desconhecido,4b752b6b118a413d2adf4544b8189d281befb26b6e9d906271aa38465ea12c5f
255,0,3,41,0,2,370129,20.2125,Desconhecido,a14036b206cf7b22f3f05e1b44523be6416439d2e86ae0be98739c54848a3260
256,1,3,29,0,2,2650,15.2458,Desconhecido,fb9dde9fa3a60f9ee1ce5072f2c89f069afe2a3cc4b26b4e97e8d94a7e7e4604
257,1,1,28,0,0,PC 17585,79.2,Desconhecido,a8189a7b7b5214424c94b85cc06bd52e5819b9756b460326f0f8dc4379ce3593
258,1,1,30,0,0,110152,86.5,B77,e23d0899f8e9547520c7ddd45add69095fbf1a49066d7d5bc6927c7c2da8331d
259,1,1,35,0,0,PC 17755,512.3292,Desconhecido,fe3fdfb6878b76785d9f030dcca34b8b88fec823e9495e764b48e699630a7679
260,1,2,50,0,1,230433,26.0,Desconhecido,dd5acc55406df09b36ffd4b1429e37062895cbbac41e8df08353e0a92be5edcb
261,0,3,28,0,0,384461,7.75,Desconhecido,2a2a876022abe10feb183b97fd49663b529debc7a9a69e7a5f656dfd705c355d
262,1,3,3,4,2,347077,31.3875,Desconhecido,5c9c5a1379748c2722f3e3261e31f8ddf02dbc0b4306f5abeb33c84f6337a5c0
263,0,1,52,1,1,110413,79.65,E67,7f44187c860eed4879678144cf5092b8c5647719e4dcd463e721253a5b92c5c9
264,0,1,40,0,0,112059,0.0,B94,db7ba16994701aaee89417fc5441455c4ee2475aa74729376465d685c547f0fe
265,0,3,28,0,0,382649,7.75,Desconhecido,34a7d02f9dcdc0f5da7aaba62b37ddf2dd1238e97d03a616272a5f4747becd12
266,0,2,36,0,0,C.A. 17248,10.5,Desconhecido,1846e3fa9cfe484aae285b407563fd2c49b63826c3e77703804ecab6c3253e8d
267,0,3,16,4,1,3101295,39.6875,Desconhecido,78e940fbfc17dcc16683e575426a641719ba864e6bb36b441e88a084d7d0cb3d
268,1,3,25,1,0,347083,7.775,Desconhecido,36bb96aba74c873cf95d365ba24a3e0593239486dcc347ececc6c00452722bdc
269,1,1,58,0,1,PC 17582,153.4625,C125,01f5bd78e999813a8636b7ccd7f2117d385a88ff916974c9eb609cc620c24514
270,1,1,35,0,0,PC 17760,135.6333,C99,2caa8b30dd34589ab06469c8596e9429df96c61b65dfa495a8cf1dcbe9153d72
271,0,1,28,0,0,113798,31.0,Desconhecido,78cc3eb5af4e6e96f142b3757ec72a687c97722530f8cfd51bf8de898382531c
272,1,3,25,0,0,LINE,0.0,Desconhecido,e6ac227dfb95930aa47d3efdeb32e0633dd20cb2150648e5e443cb053b551016
273,1,2,41,0,1,250644,19.5,Desconhecido,f0f5a2b4195dec767bbd32ade20f07f9a4cdb6c508c7d6463ca3d2612a2ac129
274,0,1,37,0,1,PC 17596,29.7,C118,a271676d09def52a5a25fe6ccb9485fac6666cd8f746c6f731e6a30892f9502b
275,1,3,28,0,0,370375,7.75,Desconhecido,03c5c3bddf9857ccfa76284897f41a3bc7200f9046509d64262fb03f1955ae1e
276,1,1,63,1,0,13502,77.9583,D7,291e17955c7871360867f17acf6feeaadd7174e028df55ef3dd321298df30320
277,0,3,45,0,0,347073,7.75,Desconhecido,a66f38f3782f7feea987ba1e4c8fc0504f87e7789376d3729983c9692b393eb4
278,0,2,28,0,0,239853,0.0,Desconhecido,947467193afeb2c0f704df0f8f45334f314e17b9ddcfae5d0278de6d1c43de8c
279,0,3,7,4,1,382652,29.125,Desconhecido,0292c5994f8e97b3cbc58eea4b1b8de1c48a108b53ed301b7b7ed899c893e421
280,1,3,35,1,1,C.A. 2673,20.25,Desconhecido,203278e07a9d42daae5ba1fa7474914a9e6140dbd0fa7f95ed008d11334d12ba
281,0,3,65,0,0,336439,7.75,Desconhecido,1db7ca0607304ca2b3b63f8699a18f967370120e1d7a1e9db3052a90b3d93d25
282,0,3,28,0,0,347464,7.8542,Desconhecido,c6c8bffd7236beae5c97081ffc0820c9b440bd0427beac81bc63ff8aab2c5477
283,0,3,16,0,0,345778,9.5,Desconhecido,ecfaead439f9bd503b4fae333b5848525790c0e20a791de2a90ba235ff9fa972
284,1,3,19,0,0,A/5. 10482,8.05,Desconhecido,b43c02fbe80f35769592cd9a90b9d0b653f2c74d368c7fe1f50988df7406bed5
285,0,1,28,0,0,113056,26.0,A19,6aa8c7d89ccfa62b4fc38e559942e7892b4f3879a8b0da08abff6130b5c69d7e
286,0,3,33,0,0,349239,8.6625,Desconhecido,ae7faad809d9040faf18131293d90b3d03db50c476230fe9c686bd22f4ed4cc1
287,1,3,30,0,0,345774,9.5,Desconhecido,5cb78658bccacc0112e207a973498a86badb35053d099cbe0062370b029ea705
288,0,3,22,0,0,349206,7.8958,Desconhecido,588a32584646cfaac91241e68bfb737110be44f56c7918e381cf2cf7ab332d6a
289,1,2,42,0,0,237798,13.0,Desconhecido,232668e4a21b2b82db90bb8d34d5f88bfede632be3ddfa286abf46ddbdf280c4
290,1,3,22,0,0,370373,7.75,Desconhecido,44d95842585926db587b9f267e21a7388310ea4fb60216865ccd0bb415bbb1e0
291,1,1,26,0,0,19877,78.85,Desconhecido,1db04210168ebfcfae48f7277353217ced16b39873be43d96a027c82935bf175
292,1,1,19,1,0,11967,91.0792,B49,660dece79f730a6e4e5daefb5ca1502b7c4827c4fa2e41930616995fb73d48f1
293,0,2,36,0,0,SC/Paris 2163,12.875,D,c588595065bc39a3a885886a76c5a436c7fa9683b36a41405030ffb1bc5986da
294,0,3,24,0,0,349236,8.85,Desconhecido,a72ebb56790356f4994c0a8219d1367f09e1b6f7625b0390eda124e98b0459f6
295,0,3,24,0,0,349233,7.8958,Desconhecido,21ea8b95343d144ebfaf855d79076cd02adee8ecb2aaf26cb86e868ec7cfe1c8
296,0,1,28,0,0,PC 17612,27.7208,Desconhecido,7d0afcea32eb147ad85ba1d167cb0168c7ca928d3d056cb75bc2406b9fb5e567
297,0,3,23,0,0,2693,7.2292,Desconhecido,bf21ef9c721fc7edb7ca0d7dbbefeddb0316b0e77b9cd347c884e969e8c04251
298,0,1,2,1,2,113781,151.55,C22 C26,7cdb3f695a615c3689c5e9210d118b8b37a2b8d39e46c66f8d88a7493073f439
299,1,1,28,0,0,19988,30.5,C106,2c05ff10189b0ad1b0c9ced73389a654efa29543331cef491cc2e448012d4aee
300,1,1,50,0,1,PC 17558,247.5208,B58 B60,3c275b6114ef7045c851f0f21c405dfe3a2dc7c7d0cb53b28d74a32e8beef74d
301,1,3,28,0,0,9234,7.75,Desconhecido,b80b211a603da3ff55591f1d74ef5e28caef2a296c0175b1c604c20ba28c7d89
302,1,3,28,2,0,367226,23.25,Desconhecido,fa089fec915fce7f7dfab6be8456255efc8a7f68279881ee9f9e831d90e2dc25
303,0,3,19,0,0,LINE,0.0,Desconhecido,845cf66a2188f11df7e4bb37e72f7c5c985fc9da772f50cf7391ecc6659ce6f8
304,1,2,28,0,0,226593,12.35,E101,e7dd3ad995d3e5b22fbe98f481c825bb0d1f09251f26beb1ca3397ad76cfe07a
305,0,3,28,0,0,A/5 2466,8.05,Desconhecido,693ce4d231179bf52a9ac9a8f85adc9ae2771bdbeabb7432c899d83956e55a98
306,1,1,0,1,2,113781,151.55,C22 C26,764c14f5c89e4522d7df3ae4f77188960e286c6f74ade87fb666144c7006898e
307,1,1,28,0,0,17421,110.8833,Desconhecido,2056352ae3a0e9e0c062aa09297cdf2e756d8cd369ef99c79926d51eaa5fd965
308,1,1,17,1,0,PC 17758,108.9,C65,f5f362ca228033053922c2526ea2625484dd576389a2ab56c66add33b109c4e0
309,0,2,30,1,0,P/PP 3381,24.0,Desconhecido,080724d2dc5747577dd840b2534e47aef3e7abe00281c63c111dea31e72676af
310,1,1,30,0,0,PC 17485,56.9292,E36,1f2afe577053d906a2a24e7f8b19465a8ca7c412a573fdbf070349af6c892584
311,1,1,24,0,0,11767,83.1583,C54,eabe386cf7551cbd5206d1b2f58b803307f551adb480203837c05f29e37715ef
312,1,1,18,2,2,PC 17608,262.375,B57 B59 B63 B66,2e72aed7e7f1acc1faaed3c3a10efb8ac33eb4ad095f00c52698732266363069
313,0,2,26,1,1,250651,26.0,Desconhecido,cca5a87e1545b85d5564a52e90e03c480487f35083ae998c8c24088321b1925d
314,0,3,28,0,0,349243,7.8958,Desconhecido,3769a14864104f624328ac606d651a751fd9dca20bc15558d19be71784cb1b71
315,0,2,43,1,1,F.C.C. 13529,26.25,Desconhecido,ab511383847a837c994fb1fa2a373dad7c870a6371c7f0ce6538e466967fc33c
316,1,3,26,0,0,347470,7.8542,Desconhecido,938a00a1adc1038141efbe7881f68fdd5fce8507b82a490371905ae158d82bc2
317,1,2,24,1,0,244367,26.0,Desconhecido,6214235ec25395b875e4ef577bda84c65b5fea690e3b0b49b86f501826c62c72
318,0,2,54,0,0,29011,14.0,Desconhecido,d241aa682eacd9d677abba505780a25c18a5b338468a805e9e2f4075a93e510c
319,1,1,31,0,2,36928,164.8667,C7,a7933349f012cfeeefca415bdca35ab04537aa6852e9eb5a00ec43c50ac385b8
320,1,1,40,1,1,16966,134.5,E34,0fe8b9abaa58cfd4da9bb39aebd90ef4617fd76b291e3eaf9ee00e544fddfad8
321,0,3,22,0,0,A/5 21172,7.25,Desconhecido,34b5a93d6413c6a8cf0ee232572d38945b78911e22d7a4e4b496a58734679ee3
322,0,3,27,0,0,349219,7.8958,Desconhecido,f28208e90f3c13bfa906b64667fbc10f4d9458de2a5761fe3855ca7d603a61b1
323,1,2,30,0,0,234818,12.35,Desconhecido,a0b0f7ef7a6073958a5b0bd1660be45efba1208bbb5c72d745be617c15004b4c
324,1,2,22,1,1,248738,29.0,Desconhecido,0b43c2f632b5116d7989464bf94dbde9f48defab0cca35390c82222014c037e4
325,0,3,28,8,2,CA. 2343,69.55,Desconhecido,b950435b2181d5af9dcbfae746a34c6daa5367ca8ad58ce11f21228940cf2281
326,1,1,36,0,0,PC 17760,135.6333,C32,372e9f6eb5a81304ea783bed5db090fcfcec6c43aad094aa8eb35545812c08a1
327,0,3,61,0,0,345364,6.2375,Desconhecido,3187728bf6dd63ccee58467a6134aab3b472b5609c986d381a471737c6387a1e
328,1,2,36,0,0,28551,13.0,D,b5d8b3995023dbbfdd90bac2be5730cb4db62e9e4d3b52eba6b29e707cc9ae77
329,1,3,31,1,1,363291,20.525,Desconhecido,4f051de9d044c85dc716ef779426bbda3e408a35215b2824258927ccae0c906b
330,1,1,16,0,1,111361,57.9792,B18,e288f89d3002b74388c8aa875876e64d4bfd19b9e5a073f7a3b3cd14265b5feb
331,1,3,28,2,0,367226,23.25,Desconhecido,8522b08923eda095569d497b8b4373e872e3cf95c55c07ee55a5dee4e9e5bb78
332,0,1,45,0,0,113043,28.5,C124,cfe628908d14af390b1cca23a9e7bbe1ec38124b30445808c14ed33f73c9938c
333,0,1,38,0,1,PC 17582,153.4625,C91,6242ecbc0d1252b91e85e022c04776aa2a611355fdbd6729001f33ea47c2a330
334,0,3,16,2,0,345764,18.0,Desconhecido,b2d9be3154d3413c9ba0fd51c9377609bb2f81a78b63906f602793557fb667f9
335,1,1,28,1,0,PC 17611,133.65,Desconhecido,02a3759e312914a61f85fbd2e8810d32f6a506bb71417239cdc18b403935aeab
336,0,3,28,0,0,349225,7.8958,Desconhecido,b6d1e65b6c298db5d81f2f6d10f860b65069c2b639c8454c6a01b09ffa332c40
337,0,1,29,1,0,113776,66.6,C2,9bd537d1e901e401e0722cfbfbb4639c38cee83e097736e3d7ce6ec68647e55f
338,1,1,41,0,0,16966,134.5,E40,c7be53a821858f4af957ca095906579f6c8fa53587482295c2b409d460b0c190
339,1,3,45,0,0,7598,8.05,Desconhecido,9e4de91f6725fa5ba9556bf00f40443d4b74fb79496694c158d3c6b4f8b6298c
340,0,1,45,0,0,113784,35.5,T,fd786b6c7e9081f44e48918d87be52e9506f96a23986f0b50805d71c21f3abd6
341,1,2,2,1,1,230080,26.0,F2,19c33205ec346d043ec0920ada412a4763170122eca71e7723bac9286b2fb94e
342,1,1,24,3,2,19950,263.0,C23 C25 C27,472e9e770893e3ce6827be038e104edfd6779ec2857750e60a3c6cfb3a35536c
343,0,2,28,0,0,248740,13.0,Desconhecido,b4ea062c658bf0749cd44712fdd3286fa1cab1ec159a8dd345cf626fd78edeac
344,0,2,25,0,0,244361,13.0,Desconhecido,285ca3ce6e0ffe97139e2296348b22f8e592fa38689bfe4e98f710658409c032
345,0,2,36,0,0,229236,13.0,Desconhecido,ca010bddafe0b1dac66a02a873613be211468b4d210a0bd09802714590788e14
346,1,2,24,0,0,248733,13.0,F33,93dac422f849f5323a5bf267dab1d7b5dfd36a56ba725c8184bcbafbd0106211
347,1,2,40,0,0,31418,13.0,Desconhecido,e32b48e3b15e0f4454062f1d84ed3fbf3868723c629c9978caf28e5aa9098486
348,1,3,28,1,0,386525,16.1,Desconhecido,78e78fb7d8b8ecc47c470d1c3937e9271cde3b6a6f1625c6f46e1d7bbe3de7e8
349,1,3,3,1,1,C.A. 37671,15.9,Desconhecido,0f9e0c9531008d7da5e2fcb3425b122cd67d4cbedc9ea7ca0ae3a5aae7101c67
350,0,3,42,0,0,315088,8.6625,Desconhecido,f6dea2c336abc0693faae6cd834393ab74fcae2873a4c0bbbef610676a17c554
351,0,3,23,0,0,7267,9.225,Desconhecido,844ef3e69129d124d5f3ee0aca0dae30d3b41b4eca58669be00941727c0be493
352,0,1,28,0,0,113510,35.0,C128,79c90705346d8ad17bed045ae689144215cf49d6a506b1a685c0cc7f48bfa990
353,0,3,15,1,1,2695,7.2292,Desconhecido,6b01ec640d042fa19c0d0bfdca1f8aba10e0ab4743c90ef0469c4f79fa86b729
354,0,3,25,1,0,349237,17.8,Desconhecido,63902dceda20676e3c19fdc6fa88bdec7c57aaa4961f0d032435ffbe4ff3c007
355,0,3,28,0,0,2647,7.225,Desconhecido,9e68124ace2aba853748d7541f9141061f253e1149ed75399610691d21f395af
356,0,3,28,0,0,345783,9.5,Desconhecido,47a1d97b0027cebe6423de2b95f5c0c1f2ff049812606ca9badde1e90ff694f7
357,1,1,22,0,1,113505,55.0,E33,92531b649ace640b5f850deb43000147bf9621e0e17f17a30fe2a8f23c956537
358,0,2,38,0,0,237671,13.0,Desconhecido,ee7c2e39cdc1a41e3751abea6f8bb418553c34c4cd00116b6c2eef69169f728d
359,1,3,28,0,0,330931,7.8792,Desconhecido,3bf3edaf307c664e6c3fe4348a9b87b8afe1dc6ba1ed075048b099de0adc8bd8
360,1,3,28,0,0,330980,7.8792,Desconhecido,3530c302a25d69c044ffa950774defc17956d3bb5d1bad5764148b378e779634
361,0,3,40,1,4,347088,27.9,Desconhecido,8c522d5f3a1e423167cb30bb7c190fe26dd5f46d976bf63867a40ccc74eed100
362,0,2,29,1,0,SC/PARIS 2167,27.7208,Desconhecido,80d91f756e37320ed526260dff088d8faa1f139f6eeda862e786779c27d4a2aa
363,0,3,45,0,1,2691,14.4542,Desconhecido,705e7f7bc09d4fdca9c5d0fabe20d90ff884c93f1d5fb45aa66baeeff669130a
364,0,3,35,0,0,SOTON/O.Q. 3101310,7.05,Desconhecido,fa46531fcae9cf64db439cd56be4efc2318f0c2b522201dca0ed3c7c42675e83
365,0,3,28,1,0,370365,15.5,Desconhecido,5a49e7cc693256fdf49cec7c7f5bc881c35cff1652ecee7c6ac39a4fea29c1d2
366,0,3,30,0,0,C 7076,7.25,Desconhecido,f6165c62bee1c40316a4e66a65536dc85915da4ebe5c0f10a9bbb9c7f2fd4aa5
367,1,1,60,1,0,110813,75.25,D37,1b25050d09c2b79565c16fe2438647624e3ae7542b47704bbbd6e680337dca58
368,1,3,28,0,0,2626,7.2292,Desconhecido,cb647241585f84c10d60f573e073ade6ccaddbf6dd940ecf9344de17e7c03bfd
369,1,3,28,0,0,14313,7.75,Desconhecido,07f2343d6aeea578710732a872fdce9d73208e1b6bb53dcc9353ad1a609126b1
370,1,1,24,0,0,PC 17477,69.3,B35,35bfbfa343f01e7a36fac88329c6734e32b44ebbfde8c536471376059b5e11e9
371,1,1,25,1,0,11765,55.4417,E50,a039f2f09bc866cff015ab0c691b123f20dfab6629b71569f9b9068ebe8e86df
372,0,3,18,1,0,3101267,6.4958,Desconhecido,4f239aba39faacf3ec23354b12d27c091723079771227a775f2e54fd05e04ccf
373,0,3,19,0,0,323951,8.05,Desconhecido,f1aeee97c744ab5c220a2b2f84ffe012a4f93e7254c5c90ebbfc3bbd206bfe5c
374,0,1,22,0,0,PC 17760,135.6333,Desconhecido,70a117413fae91d2c2e86e1328d040447b44b3b3e7f59a5eaecbc3227562eea8
375,0,3,3,3,1,349909,21.075,Desconhecido,b33918448822bf451444dae29ce9532cfec09a48cb4135f99c472061fdced2d2
376,1,1,28,1,0,PC 17604,82.1708,Desconhecido,0b084e36366b4ab387ea22804f902b791d501f6622be069794be4b996e3ecbc1
377,1,3,22,0,0,C 7077,7.25,Desconhecido,fe15875b67400ef386eb0bb0b54454b7ee47ba9c1f3cfa5352085885b3e1af9b
378,0,1,27,0,2,113503,211.5,C82,03be7695a8b1bb7872c4db7f1c5ff775bf60459d2b5c04eae06d6619fef9fd12
379,0,3,20,0,0,2648,4.0125,Desconhecido,2f74edf45e2dffe4c9a369ffa22b92102d115a85c21802b72a7644466ff872f2
380,0,3,19,0,0,347069,7.775,Desconhecido,6a7fc5c3b0dbc6bd46327c5e6baaf1cd9e8b2627054cf90201b6fe4618014495
381,1,1,42,0,0,PC 17757,227.525,Desconhecido,44ab20584f4d74b854aaa0aba69b8fd4a5cfffde811ae45b895ca3dbdf1d3262
382,1,3,1,0,2,2653,15.7417,Desconhecido,49aa93a06fe0b021fdd5c656b66a456892d7c7dd6fdd0ee7454374ac77331ae2
383,0,3,32,0,0,STON/O 2. 3101293,7.925,Desconhecido,6cf36245bb3d0591e887de830087f64b5f91a0ccec5bd7257b17f70d8a72ea7b
384,1,1,35,1,0,113789,52.0,Desconhecido,be9969380154306023f09283083d57e343b961e0363f9d8d0066ef7d10bb8c0b
385,0,3,28,0,0,349227,7.8958,Desconhecido,2f874f914df3f386638b9589b4fecb18c461c78781062b6e81071f8be9c96b49
386,0,2,18,0,0,S.O.C. 14879,73.5,Desconhecido,c7fa24854567ddecc9c54e7d0188f5bdb059fad39eb813890a420865ce8dbc46
387,0,3,1,5,2,CA 2144,46.9,Desconhecido,7099a565d85252b693078d880b1cd6f1a63ecea235c52f5d98ee61d2d6e13ebc
388,1,2,36,0,0,27849,13.0,Desconhecido,24cde3ef4dc9bb90dd3a49284d9d3fa454e01c8372b5bc635d38f09afa12e7ac
389,0,3,28,0,0,367655,7.7292,Desconhecido,cb92089b6d483230c9f64150d30e7b14ee502cc5985410243777b875a0cc85be
390,1,2,17,0,0,SC 1748,12.0,Desconhecido,96c9dc3a23632664d7748798a649278a4d7c400ba98438cdd588423c3e127ed6
391,1,1,36,1,2,113760,120.0,B96 B98,dd5133c723408f590c280a53f51f9a9609c54625776f0bd399210c0f8f60e0b7
392,1,3,21,0,0,350034,7.7958,Desconhecido,419e4481bd3e3df2e16bc37d4cf12f0a8c0212e38dd184680ee8d973c14aad79
393,0,3,28,2,0,3101277,7.925,Desconhecido,3f2c0952714beeede361ac3ec8c6765c7fe828bddda698c16531d25736549467
394,1,1,23,1,0,35273,113.275,D36,cd7d98c676506f1198c8c14bdbbab19d8bb5b187f03ad37366f5daef46203dfc
395,1,3,24,0,2,PP 9549,16.7,G6,bafd38bee8ae3085a28701c5dbfbbae23efa69253ecb5ed090866c70052bcfef
396,0,3,22,0,0,350052,7.7958,Desconhecido,67018e20b0d6a0ffbec47781ba2080e9716dc626712ae399a6678c950e6b068c
397,0,3,31,0,0,350407,7.8542,Desconhecido,14379b612d615f04eb3d71b8986015c70dfbff91bcbb8da01e8544ec7004575e
398,0,2,46,0,0,28403,26.0,Desconhecido,0e2fed16c7ee82b020c918e4106f0ed447c0bf17b7b68675c1e3df3ea63f214b
399,0,2,23,0,0,244278,10.5,Desconhecido,fb9dbda2ec486e4848ef06a62fbaa2ec5938f53b18a1b365dc5e125106e2595b
400,1,2,28,0,0,240929,12.65,Desconhecido,c7b403e0650bc91fdd14dc1865b8e1c9e2a2bd09628a76112272181c5fb899ed
401,1,3,39,0,0,STON/O 2. 3101289,7.925,Desconhecido,bca336a6dce36a7d9a12939c19091e175e4d95f51b47ebf7be521bfa9a0c50de
402,0,3,26,0,0,341826,8.05,Desconhecido,c44ef4dd776068f9bf440d695586c80a01dbb33768be9e215dade42b47830b73
403,0,3,21,1,0,4137,9.825,Desconhecido,81c60911e9edd95904994c3e1fe4464d7bd48bdc21a05c312185b20b5a2ec009
404,0,3,28,1,0,STON/O2. 3101279,15.85,Desconhecido,c4cec4b35fd5f5d6abc54cbd1c633e7b5c463f11d3f94e33de8d799967dcf3d4
405,0,3,20,0,0,315096,8.6625,Desconhecido,3771ce2051a37e0dd2ca408d89b743e1c853ae63b1a14c2130495d22b480b5d8
406,0,2,34,1,0,28664,21.0,Desconhecido,fda954d071915734e17a3eb03fff3625433c050727cddea71bada6146c3e8105
407,0,3,51,0,0,347064,7.75,Desconhecido,c9b8788be65ee9fc86b729cb5a45093b9844a1e474d0c96796aa0844d50e78a9
408,1,2,3,1,1,29106,18.75,Desconhecido,47384db0df3595149ec5ae3b279ef0f80a388ef055c00e79f44ece8c9e4dbfaf
409,0,3,21,0,0,312992,7.775,Desconhecido,1b72b51f4fcfdf8f958ff47b1eb4a47f1dc5935223bece6ae933343c89dd75a8
410,0,3,28,3,1,4133,25.4667,Desconhecido,88c7a6444a40dd0f0ad18f22eae5cbc44824ff28c29069b6a398ed2f56c3ddec
411,0,3,28,0,0,349222,7.8958,Desconhecido,8b846e0b8840adb4c4105d2aa4edbdfbce5e6de597c396ae5f225e773aad075a
412,0,3,28,0,0,394140,6.8583,Desconhecido,19ee5f9c3b092cc3e92dcb308f7a5ca127e583a8a8bc5c7a64d53155c5fd250d
413,1,1,33,1,0,19928,90.0,C78,1b637d787e69d221754c68d49aa9adce398b0596148381efd75a28efb3e324ef
414,0,2,28,0,0,239853,0.0,Desconhecido,94a497d1b8cebd8f27301010d3fb1adb999cb86defa1769ec7dff4e64fe10437
415,1,3,44,0,0,STON/O 2. 3101269,7.925,Desconhecido,4e00f70a2e85b5f6942f32eb8a012a8a33228288389896e801da09392d94b4a2
416,0,3,28,0,0,343095,8.05,Desconhecido,7bf875f0281542b862341c9ebf298ad20da4618cbe477cc435a40c086b6c6725
417,1,2,34,1,1,28220,32.5,Desconhecido,366dc811c8eaf31d875783e9533d67b4322312daf16fdb8e91bc0da68773a5a9
418,1,2,18,0,2,250652,13.0,Desconhecido,e949f02c59a11c7e0e0e5b7e92f4828f886fa426db80b8ed4be036815c0ee351
419,0,2,30,0,0,28228,13.0,Desconhecido,267e3e888c9226af2b8b8360c6a630fc608ce561ba4703733120493e4e8b9e92
420,0,3,10,0,2,345773,24.15,Desconhecido,c3dfdff694f522a2b1fb23f63750ebb86a1d06a625c087d436da093f1100d2a0
421,0,3,28,0,0,349254,7.8958,Desconhecido,23c6e644059ddcabb76e7ddf314419f0405a2d87d011bf9504f79aea092d16f2
422,0,3,21,0,0,A/5. 13032,7.7333,Desconhecido,1f134da807a8b6e264dfbb76c0163acfd70e35116a6d1689e415997a0b147ac1
423,0,3,29,0,0,315082,7.875,Desconhecido,64c9c4fe0991111c92d928b936327bb115a1995e767da07d38d1dc526affb5c5
424,0,3,28,1,1,347080,14.4,Desconhecido,182cfa00c610f2ab15be8793be24c26f0e596abbbac71d6007fee76412e3f512
425,0,3,18,1,1,370129,20.2125,Desconhecido,43e5517c3d8aeb353ad7448679ccab96d7958752396453bfe91786738af7629d
426,0,3,28,0,0,A/4. 34244,7.25,Desconhecido,cd9509132cf118c649b5e7265995da6db5601c46e986736f02eb18231770cf38
427,1,2,28,1,0,2003,26.0,Desconhecido,a9e3265a642d6e5a378824dd95fdb2ca83684befadc5693ee2dbe00e6948806f
428,1,2,19,0,0,250655,26.0,Desconhecido,5d43253ee874cc3c3c47015e2751e765f0c518e548fb569cb142e2881c342c08
429,0,3,28,0,0,364851,7.75,Desconhecido,3491c348858ad1861944ff01bffa3baae3d98bb2f3bc72b6944149913b8ef733
430,1,3,32,0,0,SOTON/O.Q. 392078,8.05,E10,4c0fb52dee011491b601a60ae618193d6959210b5c13e6880a4c5b162804295e
431,1,1,28,0,0,110564,26.55,C52,0b6d22eaed8b9c7819d9ac02982d8511c30b440eb9782b5ce6c45d08ff5a94a6
432,1,3,28,1,0,376564,16.1,Desconhecido,d7626d0a673e3f6ecca4c9d6db9abee2718dd19e1f0f378609d7771e93a894d5
433,1,2,42,1,0,SC/AH 3085,26.0,Desconhecido,6142a3707d3fe1af3ff3d61062b34e05942ae2f94d0c9a5d196d5334aae2d274
434,0,3,17,0,0,STON/O 2. 3101274,7.125,Desconhecido,ea6b230c7355d20532e21b99c98f66bb6f47536784a2187603145157335ad9f8
435,0,1,50,1,0,13507,55.9,E44,d798990be0e9ab27a8df83b4a393c355668e3811c4e200ad73f256a2a6a9e0f1
436,1,1,14,1,2,113760,120.0,B96 B98,47f29f528a93f761176fbf3701ed06442da89aa3b6f80fe44ea4e35bc4d8c410
437,0,3,21,2,2,W./C. 6608,34.375,Desconhecido,f67ebd8b8554bc88234a30f38c0690fc834624398e8004a3dcfb011cb1cdebf8
438,1,2,24,2,3,29106,18.75,Desconhecido,69b7b7105d465ab0cb2889e8267f5be672eccb1d452b32102970e6c9d7c493ce
439,0,1,64,1,4,19950,263.0,C23 C25 C27,3cc3d8260b5e3697243878be8f08a5a1f588377e6cb2c6198b7e755c09513b7c
440,0,2,31,0,0,C.A. 18723,10.5,Desconhecido,e59eaa09c379d5adbd698ff248587ff0280de49459dad5b8a4e45aaa48ca90c5
441,1,2,45,1,1,F.C.C. 13529,26.25,Desconhecido,1a3eb451a4975aacef1cd91832acce6fe39293248a7b413115761b5393565def
442,0,3,20,0,0,345769,9.5,Desconhecido,0f6c1815fe376f213c8591c38f3f52d8dc73a87bfe513b8d6f53242553f7945a
443,0,3,25,1,0,347076,7.775,Desconhecido,650a08e77834aeb59529632e5bdd2295d00fde59bdfb8df60048e7eb2ffa969a
444,1,2,28,0,0,230434,13.0,Desconhecido,6fdc7dda8fa13ff9f53eaa0458a9e36d1fc737dcb7cfd16afeab8dad0c99d9a6
445,1,3,28,0,0,65306,8.1125,Desconhecido,8c37ba815cc52626a22a285c7ff0f2ea2b5ae2db90564be9cb9c652fd5cca271
446,1,1,4,0,2,33638,81.8583,A34,a357b3610f8df1b47601bad548360d32b4eed168044061a5abb3b8f1b56658c9
447,1,2,13,0,1,250644,19.5,Desconhecido,34e8f79978c77abd3ba1ede29d0fc7e3186a944307002e9f9bc046052e1178ff
448,1,1,34,0,0,113794,26.55,Desconhecido,6435713548efb808dca66e8d663c512c60ec9cc935583081e289c6a506d1ef80
449,1,3,5,2,1,2666,19.2583,Desconhecido,92c0500807cdc82fd2ed3289cf1682d09be5c86ce615f50df95fbcbb11d4a6cd
450,1,1,52,0,0,113786,30.5,C104,8556e25795b5e453b2edb1d03622630aecf3c6e564991d4032bf3dd408bb5e74
451,0,2,36,1,2,C.A. 34651,27.75,Desconhecido,c40b9b1593ca20270b77809da8bfc59e84d26c05f3871f8b0d09a6f952523243
452,0,3,28,1,0,65303,19.9667,Desconhecido,69e837bcd115eedeb35f88d4c7768262b2e640b25762e29be72b6c5424f67c55
453,0,1,30,0,0,113051,27.75,C111,0b2df15ee3dfd66e2c7a7227c8f590736c6e2ac3da9abe25ccce8aa48b2cbac3
454,1,1,49,1,0,17453,89.1042,C92,6862daea50d156cddb1f905329f1cc1478aa2855e1742bb356938a83d868a3b6
455,0,3,28,0,0,A/5 2817,8.05,Desconhecido,60f0bd358b7073eb11a4505d20164697c8a732fd929f6bcb8f2de002bfb99e67
456,1,3,29,0,0,349240,7.8958,Desconhecido,8ab5bc27c03536d3ec52d15083a0f0ba72501752a2ebbbb9de04c8e28b88379f
457,0,1,65,0,0,13509,26.55,E38,f2ed4e189831010cf5ffd812011d0106d919b539fe839b5047e7208e7f35ac76
458,1,1,28,1,0,17464,51.8625,D21,44d0652550d1bee678cc1d156cfef7f3db9a25e6603b5d3036d067772db092bb
459,1,2,50,0,0,F.C.C. 13531,10.5,Desconhecido,fb5609e8ffa59aa812ac9b65aef4d3148c7bf37546c00b2329a0b3d35ac1fff8
460,0,3,28,0,0,371060,7.75,Desconhecido,78c1cdf1228cd7e8250697f4d331050f2c87cd9aa774442c3c7684eb32afbf97
461,1,1,48,0,0,19952,26.55,E12,33f8b3a5ce99e008cc1582fdb21414d1275eda10b530a914bf2583be90f12807
462,0,3,34,0,0,364506,8.05,Desconhecido,6d96603f43896226b715bff3b055604e5dfa13b8cd8a830fd9df2e7b7431bda3
463,0,1,47,0,0,111320,38.5,E63,ea3b82db6c52b27a905f991f969dc60175cf12bc70c671fadd6234d465173838
464,0,2,48,0,0,234360,13.0,Desconhecido,521258bf96355b0849db3ad6c9270617574e63d8d4138de5f2cf09bd4e9bb170
465,0,3,28,0,0,A/S 2816,8.05,Desconhecido,034669156e92765236d395f72f46547f2bc0289fd28a31c6b923ded310b6de23
466,0,3,38,0,0,SOTON/O.Q. 3101306,7.05,Desconhecido,3012f9cda5ce13b7c4cfdb6f710393b2a0828302e7daff82c37df5c4f8395836
467,0,2,28,0,0,239853,0.0,Desconhecido,f8d2f3f4268a1d4e0fbbb2af9d541a6ab0326223d25f3aa91a0a99e376284d84
468,0,1,56,0,0,113792,26.55,Desconhecido,0edeeff15afb250237d2ed848a31bdf87cc125846dcaa96badbfea787f8ef267
469,0,3,28,0,0,36209,7.725,Desconhecido,ef916460f5b2e25b6a976d06c47ac4b08ad16d190136f71d3f21bff0c3d81858
470,1,3,0,2,1,2666,19.2583,Desconhecido,7b6d5a4a9a04fe86c63725e6e0f4688846b8599048bb32a245a740e517d7d020
471,0,3,28,0,0,323592,7.25,Desconhecido,7c849d70aaef12b9a134554af92ec29a411d8c8ed1458616703b6c836854e9cc
472,0,3,38,0,0,315089,8.6625,Desconhecido,b82911c09197e5b69e8bb1ca9bed04d97c1054ee1869c5779aedc2f2de99689e
473,1,2,33,1,2,C.A. 34651,27.75,Desconhecido,088d572460f34958c6629b141eb80319e6afda5e27c955d7ee8921af5f8b2d42
474,1,2,23,0,0,SC/AH Basle 541,13.7917,D,ffe8e79526d199a4d6c8245f6bf84d2fc934ff4c900b81c06fb4f810709f7d9a
475,0,3,22,0,0,7553,9.8375,Desconhecido,4c4006ee284d7175673c1b2e6fc36665be1663678f443b954bcb139317ea1529
476,0,1,28,0,0,110465,52.0,A14,a049e5758c0bfcc50033eb331a485d6d75f3bed23843d1ec18a92f5e291267d3
477,0,2,34,1,0,31027,21.0,Desconhecido,705e09f981cdfaea5f5c59d504e9b8ecf310aee6c32f2c8b576ab825ee1260fe
478,0,3,29,1,0,3460,7.0458,Desconhecido,481ebdc635108d3e598715ac1e131820ac43493a200b9d1ca5c04366d3b44e02
479,0,3,22,0,0,350060,7.5208,Desconhecido,110296682be480c88d95b6de8e8a9efb9c139efbdc5cf5c36642fe1a18744a17
480,1,3,2,0,1,3101298,12.2875,Desconhecido,0d23f73fc0f3d32397b7d6ad335681718a564330da98a56cc3ba72160d670ce0
481,0,3,9,5,2,CA 2144,46.9,Desconhecido,31237a95400365f638c93917a8bff3d040b048dec90c5e7cd8f3e0d630574d15
482,0,2,28,0,0,239854,0.0,Desconhecido,b677b22eab95c0b36bcea82cc46b87c4f69e0409189eb28960104b4004dd6e6a
483,0,3,50,0,0,A/5 3594,8.05,Desconhecido,94f043d98dab4f5a63cb2fbb83b8640e64bc26bd56e69c7a32104a0127f75cfa
484,1,3,63,0,0,4134,9.5875,Desconhecido,2c0a9f3f96e4221dbbef5328bb5a9c8bb54b48ac2b39c0d5485dc3d150817b45
485,1,1,25,1,0,11967,91.0792,B49,ef2effa72243a747d89bffe0588aa75b9d10d566f2efb188fd97a79f3a188da1
486,0,3,28,3,1,4133,25.4667,Desconhecido,f95eb9dd7aa99dc3ce35fcb9153359a2f32d5576a2b7767acc71deae71aec73b
487,1,1,35,1,0,19943,90.0,C93,8cf0514f82eff3b546674828a04dc60384f4bf965f70c1ca44361a6a6bd02cf8
488,0,1,58,0,0,11771,29.7,B37,60389195d81a93b11699033ddee9ab194225118851edc8406698f5d136ca8f86
489,0,3,30,0,0,A.5. 18509,8.05,Desconhecido,4b6a9c06f9ef1b4d3471e9bd07c5338eb029436c38c6797e41740cc41738ef5b
490,1,3,9,1,1,C.A. 37671,15.9,Desconhecido,ce7da64ce88a6c4989577ce084372288a4c46ec68fa4f3355c90b6c3f4a11925
491,0,3,28,1,0,65304,19.9667,Desconhecido,e416e91f841a1ef169e0dc0d6536b2fe79428685634902ef945e820ff6eea6e6
492,0,3,21,0,0,SOTON/OQ 3101317,7.25,Desconhecido,625179fe1394b13d9746367e5657c20592357c3f3e5504f5194d8360cf9f6ad4
493,0,1,55,0,0,113787,30.5,C30,3ad6fc12e9bfc8c14c49f378a004e4d7c985107dae166f550a6ed49392e24ebb
494,0,1,71,0,0,PC 17609,49.5042,Desconhecido,01da01508da13ad8c15fdb7653dcb9529ea614ff47c3ad204e151b9922add19a
495,0,3,21,0,0,A/4 45380,8.05,Desconhecido,048e2dcdc09144bd650cc975350c54afa713aa4d0bb1ee085776872fb32f9b6e
496,0,3,28,0,0,2627,14.4583,Desconhecido,5893156bd4a66dd4e54cff284ace92c3f40530b5c5e238c558dde84f9c6f3534
497,1,1,54,1,0,36947,78.2667,D20,6aa28282b092a6ff965b790e7d123be5abcb74d5331d0b6b714d2d44856e10e9
498,0,3,28,0,0,C.A. 6212,15.1,Desconhecido,2cc93b915261d6c152d6ef5ad927d999cf9c10f56339799806e42b0f80def292
499,0,1,25,1,2,113781,151.55,C22 C26,2b485e8baf65ae0fca5e279914ce3df0800eae399e860b90e2de4d60667f1734
500,0,3,24,0,0,350035,7.7958,Desconhecido,171154b5f9a4d697e819e274b9d06bfe9ef8a225171a686be237e0ad74fe087f
501,0,3,17,0,0,315086,8.6625,Desconhecido,d5d83ffef4aa0f779b2440a612f2c25b7a764fbfb8dcc4bdb3fb29568321f98d
502,0,3,21,0,0,364846,7.75,Desconhecido,0afac84c3465c71d3e28e19226aae8bdd9e0a3bd7bf0b80e66dfbe379f054f76
503,0,3,28,0,0,330909,7.6292,Desconhecido,03720877c4b4f4c44fd7132676e2ae8d4be8bec63a23890674fdbdc1445f6436
504,0,3,37,0,0,4135,9.5875,Desconhecido,9b808d103c61514deeec1cf47673290bddf3eea4fe05ba563978e773e767f063
505,1,1,16,0,0,110152,86.5,B79,b258a96757a406d009d7a97b7a581a9855a592a9cd5ea85abee70bbdaf72c894
506,0,1,18,1,0,PC 17758,108.9,C65,d9f368170acdcf8f374f41055058a0972d9631cd5356882cff40dfa0bec9ea9a
507,1,2,33,0,2,26360,26.0,Desconhecido,a9afffcb72001c57b4e45128a9f777bf24b4de6436c8871f4054c32cc2ad1860
508,1,1,28,0,0,111427,26.55,Desconhecido,f6de78e2724ab0ed65b937174c375d8713f2ce0a95508f9af0a3d84697bd54f0
509,0,3,28,0,0,C 4001,22.525,Desconhecido,5558949098ec8b6895961d715b707b05ff5cde269435b538b6a7b9ad8c34afcb
510,1,3,26,0,0,1601,56.4958,Desconhecido,cfe5f1c7c2612a8f9486cde7e643881dc0bae764b3f20fcf725ccb3833a80b32
511,1,3,29,0,0,382651,7.75,Desconhecido,b20f31660c11a783e281bc61fe3feca26fbd13d73f3a5885f33fb3383bb6eb3a
512,0,3,28,0,0,SOTON/OQ 3101316,8.05,Desconhecido,e015c93723b1d2beec7886af9bff7c230e521603e005ffc763966cf0d16927dd
513,1,1,36,0,0,PC 17473,26.2875,E25,12a148c201ce4afac9ab53f5beaab5107be2ef66f5864c8b7be432c49e3cfa53
514,1,1,54,1,0,PC 17603,59.4,Desconhecido,7e0a32c6373ad70673a1ba1e2c8550942036e7e84f60431063323e67951df886
515,0,3,24,0,0,349209,7.4958,Desconhecido,164e53a5db0fb091c60ff5015b05874cd1622f80780148d461286b02c75b5a8a
516,0,1,47,0,0,36967,34.0208,D46,a0988bce57447682461120323c6d317e5109152dd886560d9cfbac72fd35a1e4
517,1,2,34,0,0,C.A. 34260,10.5,F33,15d3f1e5e4229a756be38e8479e9a15278b4a55f49889ec8f227e3baaafb9fae
518,0,3,28,0,0,371110,24.15,Desconhecido,fd4fc10860459a171238628f7149c4333d3d556b82bd0c4a8dcb84a7115baed1
519,1,2,36,1,0,226875,26.0,Desconhecido,09fe172b905fcdb462dc7da850c20d24169518cc96ad676e7e1bc6b21a98e4fc
520,0,3,32,0,0,349242,7.8958,Desconhecido,03617277726d01033528c934079c465227a39c6a07d0ecc3e166a4436d5dcf5c
521,1,1,30,0,0,12749,93.5,B73,4fee348d9a8fa863f2f591b2a8df876e3c127ddb7f81fc3305776d0cefe5f46d
522,0,3,22,0,0,349252,7.8958,Desconhecido,b261ad54e943aae8e0acca880c7cf91675fa06cba9adb9d2c4f561b273362f50
523,0,3,28,0,0,2624,7.225,Desconhecido,d8633e708b5a1a15308ab8cfa1c1f68e6f4121bef24fb959ce442ea1f75ea4e5
524,1,1,44,0,1,111361,57.9792,B18,5dbd207b865557ee65a6e680bfd38e5ed207278854da5ca988ea75d2c6913f1d
525,0,3,28,0,0,2700,7.2292,Desconhecido,355db65a58436deb914373d3afaf9661d28d2534fc4939b5eeadbf06897c5887
526,0,3,40,0,0,367232,7.75,Desconhecido,849c61bf796937f4a9c436ebcf3fa26b371a4d9ebec64dd70ab537fcb9bd1b3d
527,1,2,50,0,0,W./C. 14258,10.5,Desconhecido,00c1f7ce600ad746198d9c00a0f3b1ec086100e3aa2f96872e7f01f8ae9a89e1
528,0,1,28,0,0,PC 17483,221.7792,C95,e6510a6b37d1962cf99cffea66e036d955a5887d6e8b897292da461ffcdb915b
529,0,3,39,0,0,3101296,7.925,Desconhecido,53283786b62b55f7a6202f97d214ddda9f1b505e10c8d0c6508fb26ce01bfa2c
530,0,2,23,2,1,29104,11.5,Desconhecido,175a7fed5880fb2c4215434798f132c89b7e73f6290c641cdd34d559b7188cdf
531,1,2,2,1,1,26360,26.0,Desconhecido,c3d2587d946b9f7c8b807ec3e47d966d74d6ee759bf5668d97d4e3aaef0f95e7
532,0,3,28,0,0,2641,7.2292,Desconhecido,92645242545581b40f7f22703a09a3e2a05d3bddd0d5e1b03a1d0b30fae98160
533,0,3,17,1,1,2690,7.2292,Desconhecido,99a76c5e7a761b9b6b61cd4b9bc09c5c278462fdad0de261b172d498fc0f2137
534,1,3,28,0,2,2668,22.3583,Desconhecido,8f53682002f0cf79b8ff2718fbecbe2ec4d925dce85fd3b6ab96384e9877a4d5
535,0,3,30,0,0,315084,8.6625,Desconhecido,5c64489b9c9362f787412842ce924290a8063471104f81ce8ef48576ec567c36
536,1,2,7,0,2,F.C.C. 13529,26.25,Desconhecido,818f6a70a1ccb70d5963e32514af4f46a716c0a08e0ce543c5e9a6e1cbe5eedb
537,0,1,45,0,0,113050,26.55,B38,42c2f7a99be8cbb8e76afe41f188bc6f0089cb1e699eb45352174c65b793eca4
538,1,1,30,0,0,PC 17761,106.425,Desconhecido,3729940bed1aecd5ad461861d301f7e067cf7e84455db88d5e938980ed4bebd3
539,0,3,28,0,0,364498,14.5,Desconhecido,de7a4c2ed1484867e389760a1c9af1a5bad7ead28eade0dd6ab5de815ec5b153
540,1,1,22,0,2,13568,49.5,B39,a22ea8066b1e7d4e25f48ca0680a6c3e7f498406ce102aca5deded0ebfa25f55
541,1,1,36,0,2,WE/P 5735,71.0,B22,6d5573ade53cc940999b4a21e53aae581d1ac3b57f60a4a3a6a57768c130cc5b
542,0,3,9,4,2,347082,31.275,Desconhecido,b7ba33da2fb9fdbb8442e743bb15b661122c455972a6def34e91c1c764f55ea6
543,0,3,11,4,2,347082,31.275,Desconhecido,ec29a975a79b576f020edc59f14ddab8d975a4072c900a664e76980cb25a4945
544,1,2,32,1,0,2908,26.0,Desconhecido,eefa623464ad7de81a26446755f5a6da38eb9d26d99a80e1407ab2aa5f900dcf
545,0,1,50,1,0,PC 17761,106.425,C86,3b6c269804207a6109bb9d566f81961b3446bac7f8a04695304da153be8d907d
546,0,1,64,0,0,693,26.0,Desconhecido,f2c86e052e1be9a3cec258519cc537e6e45b8e85a72fb3eb63cdfae06e69aaff
547,1,2,19,1,0,2908,26.0,Desconhecido,f71766e83a1a0e909cacd48a8dea9a0c1445dbe1f82a95ed92a3217ad6c69db8
548,1,2,28,0,0,SC/PARIS 2146,13.8625,Desconhecido,924cb4d891bff5ead8c099e84fc38edcbd7978e54724b243082051970c0da155
549,0,3,33,1,1,363291,20.525,Desconhecido,7f674e0947720d2152f17f108d7790bcd8d6358f1ee4c3fbc25a8dffcff88092
550,1,2,8,1,1,C.A. 33112,36.75,Desconhecido,2d9936454f391e7546c6a69cb26f8cfb6b3b64d80a60a68b56402dd350bf3432
551,1,1,17,0,2,17421,110.8833,C70,c56dcf2dfc7091e33b9a251176940b59d696cf002e7f3e6e35ffea9cf32d20f2
552,0,2,27,0,0,244358,26.0,Desconhecido,4058639907fb9f3666b30f320816b5a7cfec3ba73fae3df60fb382094dab9779
553,0,3,28,0,0,330979,7.8292,Desconhecido,6e7af79871cd5b746020728f0f30e1f2c49c23f0c233c4db145f46143c5e217b
554,1,3,22,0,0,2620,7.225,Desconhecido,dceda996757efeefdd3cf725e27c699ceab2a9950176e7513a61fb9f538b4426
555,1,3,22,0,0,347085,7.775,Desconhecido,3c769de8e85d68b82310ed8ac6a5ec8f3130f7f676a919220605053688515823
556,0,1,62,0,0,113807,26.55,Desconhecido,0d9a70ca3f873c8d370fe938c8255e5236b397a2bf96fe5167bdcba0a00cc6b2
557,1,1,48,1,0,11755,39.6,A16,7b7b8cb5477412ec355c1f0f726a147724fb0463377a147d58a14b65395c48aa
558,0,1,28,0,0,PC 17757,227.525,Desconhecido,d96ff8558a7c5a2d9ee65fec9dbac98138f99ca0c5cee9f8168697171ae21e52
559,1,1,39,1,1,110413,79.65,E67,fedba8eaabc5752761a243e9775bd2a9c6e0659a34bdb1a0c6921afbb26ee9b3
560,1,3,36,1,0,345572,17.4,Desconhecido,c193e965ace653c61dacc1fe32971beb6b5af35151566f8475644c33ec4698b0
561,0,3,28,0,0,372622,7.75,Desconhecido,51c18d9213f1cb7c6b834bcd90b2e17f1d562e32e720af09b8f9a30101d18323
562,0,3,40,0,0,349251,7.8958,Desconhecido,3a096bc5679078e1a264bd4ac2c4294a4c139cee2668aeb118c4dc9bfc1eb02c
563,0,2,28,0,0,218629,13.5,Desconhecido,c5a5208dd1239cd7df632243e064545078b175e9989d750245e7150fd235a1f4
564,0,3,28,0,0,SOTON/OQ 392082,8.05,Desconhecido,19d4af828ad7a66e009019882b845a4ae9553ba87d0b3bd0d154ae6400759b78
565,0,3,28,0,0,SOTON/O.Q. 392087,8.05,Desconhecido,29ce16da9a983d97ce0c72e1955135d55dcf95a50233ecd5a12079558d275ae0
566,0,3,24,2,0,A/4 48871,24.15,Desconhecido,e387ed573eeca37815c242e2794aa2e2377e6d8d33b7f62d17eb6911d8d61b8b
567,0,3,19,0,0,349205,7.8958,Desconhecido,6012f76f6cb8e6bcb17645e40a140860ff16cf60abc49737cc81a35371bde16b
568,0,3,29,0,4,349909,21.075,Desconhecido,84935a6ab64b640232ff59d136393f3404912a03caf425677c8968cf9b441a95
569,0,3,28,0,0,2686,7.2292,Desconhecido,806d1923ed6b6754cecabfc1c0e967320330d43a30f786e37c0f76f67470274e
570,1,3,32,0,0,350417,7.8542,Desconhecido,65a87b6a68507a2782bd3fdea2970997165acdbd7fabf7063d452896fdfd325e
571,1,2,62,0,0,S.W./PP 752,10.5,Desconhecido,cf0c66e59ba6579ff677f1c510059f839502fb63cf6e090c15aa4f79c63c1771
572,1,1,53,2,0,11769,51.4792,C101,016f018ac43d9dc934184e680aaf23ec67c1325d2e8e642861153edd9e970fdc
573,1,1,36,0,0,PC 17474,26.3875,E25,92baadb2bf891d7e6f05c10c81ba09e0bdfe09af9afdb079eeb5a5e86d92f921
574,1,3,28,0,0,14312,7.75,Desconhecido,746ace63679fc1e252bbe98e99dfcd0a4ced919ccc61380c95be0fcba65dd26d
575,0,3,16,0,0,A/4. 20589,8.05,Desconhecido,5a4a542d18188e9678ad804da185afa56acea6359a04e304343044f5268c6958
576,0,3,19,0,0,358585,14.5,Desconhecido,f03cd06ff68e40e854290d747bf98d9a04cdca0b7b817098e426583923301506
577,1,2,34,0,0,243880,13.0,Desconhecido,05c70fe5c75f9d0fa26cc6d8a56671ecdd7af46c2eeb242b0e31be8d9ad37310
578,1,1,39,1,0,13507,55.9,E44,356b116defc0174e49e83f8dff4e4458655ca53d4f970883313d1e34058cb4f0
579,0,3,28,1,0,2689,14.4583,Desconhecido,cb2cf6abafd03058cc725096c2dbd85fa56bca8eabcd4a03ee309b15e1f6ead1
580,1,3,32,0,0,STON/O 2. 3101286,7.925,Desconhecido,f39de760a1492bb58a40ef62cd0875c00fbd481b17d929bbf55b2babec1fbcad
581,1,2,25,1,1,237789,30.0,Desconhecido,a3066bd75fbc0af01a155ca77aa14ec928fb84449c2bb3527db59ab1b04fa1f0
582,1,1,39,1,1,17421,110.8833,C68,0759f529b7012c1f95e117ef115b85e4852355cf2c79e9c88d7f02a5144e5374
583,0,2,54,0,0,28403,26.0,Desconhecido,dc2a52c0a3618ff4c9f53dc464c043aa7d66a718326a5d865cbde45b3e8c4fb9
584,0,1,36,0,0,13049,40.125,A10,d83d187cb49cb0cae4d1e3866d19a7d6b0143dba651aa1671bbb02ea463bea75
585,0,3,28,0,0,3411,8.7125,Desconhecido,34f09b6272a10f82faed079991fd7a28441dba2c7ba18026934f4ac7cc5f7a60
586,1,1,18,0,2,110413,79.65,E68,68142ad56cdadbe8aebc6e7c8a611aa8f1ab89d7d1914dbc275704d95dc208e2
587,0,2,47,0,0,237565,15.0,Desconhecido,d6519e9c57ccbc7c6b1d7d4e4f1a6d2f10a03343ca1438ba96cdd792ae15dff5
588,1,1,60,1,1,13567,79.2,B41,96ce956c582e629e85c2f9f310001d291772445a3c8651d21514a8d675695a0f
589,0,3,22,0,0,14973,8.05,Desconhecido,8627909419c422d582cce2a6395d043d891e1c7b506b169842c2c2ea8374f221
590,0,3,28,0,0,A./5. 3235,8.05,Desconhecido,b3c3805d14f91bfb58dc125162cce0d35a5ff64485ec646365475a1a0a4d6e7b
591,0,3,35,0,0,STON/O 2. 3101273,7.125,Desconhecido,209dec4bfb50c339c0c99fd8e813f6192856b08949c24bf17ca163cadd96a4fd
592,1,1,52,1,0,36947,78.2667,D20,55b5670f50ea14e46801941237ea962a471ad9551d2ecc96061f0d6eaeb590f2
593,0,3,47,0,0,A/5 3902,7.25,Desconhecido,949166157f0fc341bec4184b5654a5b8a2771a04be612c90e813c98881b6bf27
594,0,3,28,0,2,364848,7.75,Desconhecido,7c30ec2036d3d777c3712a40accf2d1b12d7577d008ae230d79225eccb323551
595,0,2,37,1,0,SC/AH 29037,26.0,Desconhecido,e2e63de2b3a7ac349d896b57347d6d4f7728cb5700690f2a50015404ff7c7eed
596,0,3,36,1,1,345773,24.15,Desconhecido,81503638b06982364a1a2efc4b6fe100f967cec370f19cd03f699cf9b5c5d18e
597,1,2,28,0,0,248727,33.0,Desconhecido,538c6f564d43c3499d32c841473caa5aeb016da8a3d81732352830f794a4235b
598,0,3,49,0,0,LINE,0.0,Desconhecido,e939d96256ff575cf2b38d30e285338e2af27c5cfb0d3e325efbd5e55ef31161
599,0,3,28,0,0,2664,7.225,Desconhecido,ff18dbc22e99d4ccd5a926507a548d6704c20ef52d7da86368dbcc6770d3aac8
600,1,1,49,1,0,PC 17485,56.9292,A20,a8f2364272f632c3be0dd999cfc99873be322ab83600997e576d3ba426b78b7c
601,1,2,24,2,1,243847,27.0,Desconhecido,8867f25f8726e6df7519d10d1e928f58a6ed26d59f08daf003b9e7e8545ae9ad
602,0,3,28,0,0,349214,7.8958,Desconhecido,274b01d797aab3a3abb074b0eff7c9f87f9fc2229c5e3f689050812ea2affde5
603,0,1,28,0,0,113796,42.4,Desconhecido,53b171963e8595cd1144f0877ee24fa10a21ba2126d334f04c96dbf8656c6230
604,0,3,44,0,0,364511,8.05,Desconhecido,d26af5166223bb358b85ca7e0877f3c5b89ed754ed2490e6d6876c0c6635af58
605,1,1,35,0,0,111426,26.55,Desconhecido,6fbb8f34b8bba5da929f8b690c760e2715b1cf81f1508bda29283cb24b2a81df
606,0,3,36,1,0,349910,15.55,Desconhecido,62a9a5fc71e62e908904740498e09137e369a40607cc770a4f70161401794f0b
607,0,3,30,0,0,349246,7.8958,Desconhecido,810ef56a018d7d8c8a8edfb60e631402af2bb7c65f645f913b2e8781f7e7d1e0
608,1,1,27,0,0,113804,30.5,Desconhecido,cc286f20d8bc8e4009c9d655e0ca2a6c44552b8b3ecfc4b173d1ac09b957aa4f
609,1,2,22,1,2,SC/Paris 2123,41.5792,Desconhecido,b1784c17de8debb0ee1a885cb5f4fc2ca3c23be6d07f90056b181d784cf5336b
610,1,1,40,0,0,PC 17582,153.4625,C125,d4fc652ee9d2909eccdf2b6ff81c5a54b66bf2093196df32069f97031a2bafe7
611,0,3,39,1,5,347082,31.275,Desconhecido,5dc6eabbae40abfb70e2b7c9782d49e65c276f3726b28618d657305845f0e9a2
612,0,3,28,0,0,SOTON/O.Q. 3101305,7.05,Desconhecido,92308fde2387a1eb7cb237672326798d47684a74699dbd4e005cf8e892c8de2d
613,1,3,28,1,0,367230,15.5,Desconhecido,a38369c15e7517a0143aefb859eb55adb60d5cffd2a47d22b3756651a31ba3f2
614,0,3,28,0,0,370377,7.75,Desconhecido,5d7638169707c2e04ced12c9bbde43574eef490fd6c7bb287cac2b71d7e6743c
615,0,3,35,0,0,364512,8.05,Desconhecido,f37984ce826288867ff38b11106faf5139882bf76ecf3d605e66d2702d642dda
616,1,2,24,1,2,220845,65.0,Desconhecido,6829697af6c85f6c8ff95e6dd6b925f3d89a2f1793ba7d9263e3c2fdfc180cb7
617,0,3,34,1,1,347080,14.4,Desconhecido,453f49fa10cecc619f5e00a146b8cf4813910835713c77130920edb3d80591ed
618,0,3,26,1,0,A/5. 3336,16.1,Desconhecido,98ce1e1de87e16b8ac02ced1469dcee7a4cb6cf2aa3ebcb090fb7a6a494884be
619,1,2,4,2,1,230136,39.0,F4,3e58ae9866f453f2617bea44a4f47539c3015a1f1089d4cfb6868be71c9d2357
620,0,2,26,0,0,31028,10.5,Desconhecido,86349156997594f19dceaa20f73927900e31aefd711bd633dbece9e35aea65ea
621,0,3,27,1,0,2659,14.4542,Desconhecido,19043a58d75a81060d3a84c451be405d40d12714d944362de9a164163cedeeac
622,1,1,42,1,0,11753,52.5542,D19,656ebf958ca992c55b66d8f8674915dc34e579f8c187036e80149a9ae65e34d5
623,1,3,20,1,1,2653,15.7417,Desconhecido,247c56df7d4c28cb9babd258fb3c9c33dd237a3f43ffc91ea1009c40a32b7d75
624,0,3,21,0,0,350029,7.8542,Desconhecido,645af132b456d2e117600228ab8957983111528b1fba4c040f826c059a055396
625,0,3,21,0,0,54636,16.1,Desconhecido,bbfbc2e00e1e2220bade7e5902ed24bc6768d7d00bb79d8f1ab81ef59ba92c24
626,0,1,61,0,0,36963,32.3208,D50,cb690458c699dcd64d19c91276b4f443479cf907123c5a9618a3ee2efaefcd87
627,0,2,57,0,0,219533,12.35,Desconhecido,0c425bd06847a5026998dc1b53eea2b9bbcd24477e061df5de7a2facaae05f88
628,1,1,21,0,0,13502,77.9583,D9,07234507a8fcd7a972eaa47b822f38805658f3da8ba8ebebc26d0f323acdad90
629,0,3,26,0,0,349224,7.8958,Desconhecido,d98ccca214dbb0527a8da27e68212ebfb20e32879031b4fbfa8e97e22512740b
630,0,3,28,0,0,334912,7.7333,Desconhecido,35323e1dc63579cfeb4b1b966c021a7210a780be5f67df2e12971a23e759dc67
631,1,1,80,0,0,27042,30.0,A23,1d1d69ce24957bef763f3e11f7831d79e157e365f8ed1b235f201001fbc43aaa
632,0,3,51,0,0,347743,7.0542,Desconhecido,cf80bc3bc8ad0338d65c814981c6f4a5c42cd9c000053cc25a776d600dfedc03
633,1,1,32,0,0,13214,30.5,B50,112c37366ab3e9ff88dbe47c3eb9b4d91f9cd951ce5fd4b814e590992c764ab7
634,0,1,28,0,0,112052,0.0,Desconhecido,a19be479b00d14e0aef01cabdebb92680c4fc52498d4ba543fdf27d1b8ec772b
635,0,3,9,3,2,347088,27.9,Desconhecido,ae82544da1e6880ea46d0d99f5f7af561ee52f9cc86ac2536b59a79a120d1cd6
636,1,2,28,0,0,237668,13.0,Desconhecido,22ad48dcc078f33d934b94464e2db59e3967ff0ed98f74346718035380c47929
637,0,3,32,0,0,STON/O 2. 3101292,7.925,Desconhecido,9939fa10be469e3496f55201a5237d419f32e12f044dd6e7d6a7b2c067cabe43
638,0,2,31,1,1,C.A. 31921,26.25,Desconhecido,3c28afaf620569716fff51cae3516f05988209d1745a01890746b586054e3b76
639,0,3,41,0,5,3101295,39.6875,Desconhecido,7439720c4cdc98013f8f1a63d6bf668b9bfe8b5e9961a6eb0960e1bbb54992b2
640,0,3,28,1,0,376564,16.1,Desconhecido,449ef5d2ea07bd55486937986c0646d6aca5bea25bfd12857afeb611de244b98
641,0,3,20,0,0,350050,7.8542,Desconhecido,1b502a60e5b33355461a200146bfd2806b3fd5a8c7f1ccba3e1f2341304998e5
642,1,1,24,0,0,PC 17477,69.3,B35,7678fb9fc7ff87e0eb5cfa7004b4ccfb4b304fcf7bab0af39c5bf96e29182bad
643,0,3,2,3,2,347088,27.9,Desconhecido,1eb6305e2a7a93384fb729746da9de418e115c5a63e050fa35dbff6e0b1291bb
644,1,3,28,0,0,1601,56.4958,Desconhecido,f3a32bc33389ea3b3c384727255b68072d48d64a883ebd186f1078f96f861403
645,1,3,0,2,1,2666,19.2583,Desconhecido,3f626c3b8420e7f8a40a6d7af65404d71eb42a5ab6c388cc1e2bb80e55b05f80
646,1,1,48,1,0,PC 17572,76.7292,D33,bc559284bb0bf33e5e72e42afb5b743ba4de447f1c8305e9af596198be3721ac
647,0,3,19,0,0,349231,7.8958,Desconhecido,1ad985d2ca83860d7ababac50811e110344111aa38c2941ef95fad41e70ce55b
648,1,1,56,0,0,13213,35.5,A26,7aaefe701b1d63368cdab824bbbe75d16bf6a55472aa9d38b8664d07c6cc34f6
649,0,3,28,0,0,S.O./P.P. 751,7.55,Desconhecido,a76c556549d1f2b253a8887e2e7d9363d659e4dfa6a05b6d125bccf7d606e2bf
650,1,3,23,0,0,CA. 2314,7.55,Desconhecido,b8c3d7a52163ba57a68198d3d8aa30c224c4b334c730a447a901694026f5cda1
651,0,3,28,0,0,349221,7.8958,Desconhecido,6cf24f72cd8fe0b4107c5a29b5150bf1ac8b7a417e58a2b6672e78540828aeb5
652,1,2,18,0,1,231919,23.0,Desconhecido,32c7d9197ad390ba4ba60ab1528a59e74b7decff207f418c520175ccfaf97ea9
653,0,3,21,0,0,8475,8.4333,Desconhecido,54466da8fd6ee1bb861822d5b9c981a4bd8001932d2f1b5d150c3359cac5662c
654,1,3,28,0,0,330919,7.8292,Desconhecido,b57df950867b9a2f53d9d330556549fa0d100a6f78ebd1b054e3796fd84341a5
655,0,3,18,0,0,365226,6.75,Desconhecido,086694000c28d28338c7fd8beaa509254f14cd37792f58fecd15505c4f1935d7
656,0,2,24,2,0,S.O.C. 14879,73.5,Desconhecido,3509fab8a7a85ce3dbfbb985a4211b9b0fcc7421fba3b25be9c9b9b0d8902c66
657,0,3,28,0,0,349223,7.8958,Desconhecido,05187331815d2084bcc19705316eebc009d4b5f25087b722faf04ae1b8b134c3
658,0,3,32,1,1,364849,15.5,Desconhecido,57d4659357c4f516f65d7fe6846ac68f91ab3871bf81ae1edcda7f20da54693d
659,0,2,23,0,0,29751,13.0,Desconhecido,7daa934cc165bd3f58693ac4a01720926fb4707ba6c0f5ee495f69b535c20238
660,0,1,58,0,2,35273,113.275,D48,3d8691fc2a5e6f751eebecd94db45e3f7caf0b17dbc85b3b7f8a3d6fc54587e8
661,1,1,50,2,0,PC 17611,133.65,Desconhecido,1e2c39539199331f561881b8760f076ff9a28f524003ed7001e51733216b1fb7
662,0,3,40,0,0,2623,7.225,Desconhecido,4ed4b7398f07d362adadde4f8eb8ed6b660431e2fcb1e7c5390288b4d452bfd0
663,0,1,47,0,0,5727,25.5875,E58,520778719e04499882a5902c0b93f3a805dfbc060e13edc7fe885bc891db2a02
664,0,3,36,0,0,349210,7.4958,Desconhecido,47ae489025238bc9d4f270091b5cc10a97312991d066b84eb6dfffadb875043e
665,1,3,20,1,0,STON/O 2. 3101285,7.925,Desconhecido,2546836216f7f9d850b658144dd1331f5d2f9627b97430c6a360f18adae82788
666,0,2,32,2,0,S.O.C. 14879,73.5,Desconhecido,ad7f2958ab9392cfa63b7056feda4e439f89b5683e957914623d040f88913eaf
667,0,2,25,0,0,234686,13.0,Desconhecido,9372c8b0aa7519cc87e8c9c75687f9e3b6a25f8e5bd1347acf43ce2191de42ad
668,0,3,28,0,0,312993,7.775,Desconhecido,d66d6beb9842961567a164a26b054133add1b7a1a19749a164388015e5824515
669,0,3,43,0,0,A/5 3536,8.05,Desconhecido,3027ae16bc1fefdde696dced5376dc57419049c98eadd9dba360056911f61a69
670,1,1,28,1,0,19996,52.0,C126,198933711bef6fe6371e8babaab0e3db0849eb11cea16cba7828a2179bde414d
671,1,2,40,1,1,29750,39.0,Desconhecido,81d22e6998a8ddbf0735d64226a56b586ac0a84f7422d1dc405ffc3a572a90be
672,0,1,31,1,0,F.C. 12750,52.0,B71,4a344bf64546516e6e214a93c8ae7dd59b9a686036bec0e20f0bf4c3b21e9891
673,0,2,70,0,0,C.A. 24580,10.5,Desconhecido,87330728335ad60a416812f12f4c96046e6f3fa48982075d4afd1dae74126eeb
674,1,2,31,0,0,244270,13.0,Desconhecido,a355857c3e517eb87337e16298c178b4c4370a81476a15ef1ed267bec8292460
675,0,2,28,0,0,239856,0.0,Desconhecido,97b9ff3f45374013df5b914b5ffd408df5cc9b13292cdf6ec3b612e698ad6f2c
676,0,3,18,0,0,349912,7.775,Desconhecido,01788f3bb8605f13a64333aa3584a3d8fea98fdd5e413227ea710c6a2ef22620
677,0,3,24,0,0,342826,8.05,Desconhecido,6cbda2c3e21a9977a80e7fc2f76a0ca496fadf38115c3a9b3bc2e87c987af6ab
678,1,3,18,0,0,4138,9.8417,Desconhecido,74e8664af9f1fe2a1373753f0f9a9fd4f1014c6b59eb8ac1bd67f6685427c280
679,0,3,43,1,6,CA 2144,46.9,Desconhecido,d9ed48aca1a6d72d99f9d3981174022a917466aec3dcafec309e4b7914fc3fa2
680,1,1,36,0,1,PC 17755,512.3292,B51 B53 B55,55a71b8872e6878971fe7a0219629a4e18e7e284fa18d10a672ea199f34521da
681,0,3,28,0,0,330935,8.1375,Desconhecido,008151d7bd3206db17c217ed6a70c92ccc9561ed7d999f6fc185a661fb08e7c8
682,1,1,27,0,0,PC 17572,76.7292,D49,b8438b28012252377b7bb0086bde251754ffc5d0588d20e09aeb2c114d685a51
683,0,3,20,0,0,6563,9.225,Desconhecido,4decaeb66a8d1f9361fa7de7c05e2a79f1317ac2a45b4b6cee3e205b47293223
684,0,3,14,5,2,CA 2144,46.9,Desconhecido,6c52c99a4c3485dad2a37eb511ede2d733f21935709db7f85fc4388980585c11
685,0,2,60,1,1,29750,39.0,Desconhecido,52169e560e492c433ae1628fc73be260763d3fb29672383d24a5827cf2589b4d
686,0,2,25,1,2,SC/Paris 2123,41.5792,Desconhecido,d0ee488e97ce91b0485160d4aa86c708c460ba5f0213b7d8a177e55fc34f7b3f
687,0,3,14,4,1,3101295,39.6875,Desconhecido,8bedf768a72de2e1f93888e41d68d3ba3add173a52e66923ce10ce597ca7caae
688,0,3,19,0,0,349228,10.1708,Desconhecido,bea49cfd490474173709f4068cb84d2bb5886c63e03942d79a8647b92e20ebe8
689,0,3,18,0,0,350036,7.7958,Desconhecido,4ff4ee9d24b4df3d61af810c11c4bbf0f64315f9d70aec9aed4da97655d162e5
690,1,1,15,0,1,24160,211.3375,B5,9c009813f75e1d99d57ffbf0e6cadf4fe5e76167bcd31da7728280d91391b5cb
691,1,1,31,1,0,17474,57.0,B20,e779c2f0d1ad595939445c36e68a53c66dff1d0b7ddba3006373e2795db872d9
692,1,3,4,0,1,349256,13.4167,Desconhecido,e33459987d348cfd4716d96f9c2ef69313038d7291e627dc3972f302280580d9
693,1,3,28,0,0,1601,56.4958,Desconhecido,de50f2cbd0fd1ef91221730eb83019edc640a646a7f045b8e8beda3851f164fa
694,0,3,25,0,0,2672,7.225,Desconhecido,cc989349627cf57f3cf1d0b0be85add5a93f3866aff55f79256c81ef3fc573ba
695,0,1,60,0,0,113800,26.55,Desconhecido,b64728dad364acc82bf4b441ee28500559d93579e56fa4047dfdd8c84a84012e
696,0,2,52,0,0,248731,13.5,Desconhecido,5989d118575eae6ba7e8007cfb502d8a0e46bfa2c54e05ce76209249dd1552b2
697,0,3,44,0,0,363592,8.05,Desconhecido,21b9b938546871fbecb9777a48d42a51e04558279b987fdd3077be28ba2a0d3e
698,1,3,28,0,0,35852,7.7333,Desconhecido,a1d348cc1ecd991bb7b2380f1d4eabdaeebfb8dd7747401a200c440d83f26894
699,0,1,49,1,1,17421,110.8833,C68,f47301c9a6bb2fd4e07293881a14e72ec9ff52b1e85ec671d62c8dbf29049555
700,0,3,42,0,0,348121,7.65,F G63,a707bb15262ce3a89b4ea5b6dacb64d8965bfa090370b3ff8e86bc3d63574abb
701,1,1,18,1,0,PC 17757,227.525,C62 C64,50c7c231d452ae746d6d2670ac41fcb41d220933f50cc9bb0ed777b202e3cc47
702,1,1,35,0,0,PC 17475,26.2875,E24,b20542c15d08f2cf2ad2286f5a1ff4a7d12080a090954be409db3602341f5b32
703,0,3,18,0,1,2691,14.4542,Desconhecido,0f748dfd78b68c08be67fdc6b8ca942e5f681c8890d088885f26d34164c6f40d
704,0,3,25,0,0,36864,7.7417,Desconhecido,2e7c0b78fdc907e69be9f07be8cfc79b57122c0468c96198f0ca7b0ab3cf4548
705,0,3,26,1,0,350025,7.8542,Desconhecido,b51e9b7ebdc485583a91e7703a24de7f85f5ec69beed320a7fc6f84c7ad019db
706,0,2,39,0,0,250655,26.0,Desconhecido,8c85cbce4e8b4066413078a0decbfc049540ce76c5660b49ecee9affd481c3a6
707,1,2,45,0,0,223596,13.5,Desconhecido,05119957492ce040a7eed699d8ec40af1d4d0d1c3218a2f80d6cc340c7020790
708,1,1,42,0,0,PC 17476,26.2875,E24,0597d25e3bc7852fcbbf18a30e45bb76b81e647ae0d9e00a0f35123db8ef030d
709,1,1,22,0,0,113781,151.55,Desconhecido,78204c71c7f573f105894b11f589bdea920c6afb8b22b5d7b488fc3e08822d8a
710,1,3,28,1,1,2661,15.2458,Desconhecido,89b444cd44a5e98d67a57c98bebb7c925f1e4f9eb058bba9cabc4c567e08827f
711,1,1,24,0,0,PC 17482,49.5042,C90,0b6a7105240be748941de2d30d7ae84b11e37b811254cccfa1ecf526a0a191e0
712,0,1,28,0,0,113028,26.55,C124,740a4730a2d6f18e619dc0268c4a7965b3a6a3ebe3dc22d5692201edb686dfb3
713,1,1,48,1,0,19996,52.0,C126,1681423d4a977f3e37c61a41d8c33f4241d49913f979f748a0558a720b0713b3
714,0,3,29,0,0,7545,9.4833,Desconhecido,82dc923b2eeaf1c3cf9689b044e2f71e4f5dd647f3f7b4386aedeaf37ad71850
715,0,2,52,0,0,250647,13.0,Desconhecido,49a9eb5ba707665681695735d93e9c9b9f38ba2e6231e15a2720a647f051f997
716,0,3,19,0,0,348124,7.65,F G73,54c1fcd58936f7faaccec2643607729573ab0a332a03dfbca38b729b27f747eb
717,1,1,38,0,0,PC 17757,227.525,C45,c1de2d8b2b7146c74544461203c9b656ba0a70f2b9c53d79790ef82960b2ba35
718,1,2,27,0,0,34218,10.5,E101,ec8da00942b737ff6adcd6f31e429d24d9989561e44bd3ef458a7e4a95877745
719,0,3,28,0,0,36568,15.5,Desconhecido,722ce1334fec43c53a20ed0b71e1d8299f0af6e186b3939caa955de591303388
720,0,3,33,0,0,347062,7.775,Desconhecido,25e157232d8820fd85d3b1b59839c3289e8dc17b0bbc23c41923d785a108871c
721,1,2,6,0,1,248727,33.0,Desconhecido,c137c1cfdc248cdb774d0c968c4835a08bf8f326a9ef5c5e9777505ba3282484
722,0,3,17,1,0,350048,7.0542,Desconhecido,1094314459d79565c4616e58da98d6f099e08c78269a1058ef8b40b1e7b33d0f
723,0,2,34,0,0,12233,13.0,Desconhecido,a741d2bc27951bb404a7b39c253f4e99db634d0d40f997cabba681ae6fa15303
724,0,2,50,0,0,250643,13.0,Desconhecido,d599cf64c4187ed13d2ca1a1e03cda411a9c6c20c661d83de06329eadd230df3
725,1,1,27,1,0,113806,53.1,E8,e358882a0090c81764d41caefcbb1a5c5fd5cb9a65d0cdea32692da9400583d4
726,0,3,20,0,0,315094,8.6625,Desconhecido,98fef60c9cc3c4e04f5efa51f218936e97d3c8a7d5ab25f69d56250e85911f0a
727,1,2,30,3,0,31027,21.0,Desconhecido,36d543e25ae816f6f07221b91ae7b9effd66e030204bbce441d0008bdf9ae1dd
728,1,3,28,0,0,36866,7.7375,Desconhecido,253304d8b74f0edcb26b1d91e607780c368cbde82d811798b9b1ba3b306ddfc3
729,0,2,25,1,0,236853,26.0,Desconhecido,f5b560dd4808cb47d18541b30a7bb880f70c2d15d3b60d4a470dfd9b18842384
730,0,3,25,1,0,STON/O2. 3101271,7.925,Desconhecido,ba6591cb48b38c0169d0b4890a5bce8ca1b1e9d059de42ddb72213f3a29ae5cd
731,1,1,29,0,0,24160,211.3375,B5,d0c662bc81d15ae4b03de14536d940dfc8cdd00bec2cc9df19d876649cd39b10
732,0,3,11,0,0,2699,18.7875,Desconhecido,40abf7c7144b1d4e1490ff0e1f8dcb67be4c09b8768e577a7f07cd5461bc4b77
733,0,2,28,0,0,239855,0.0,Desconhecido,68f0f5672bd07b318cccb4e917623346448d6292ee9146ec8dd16069d068e765
734,0,2,23,0,0,28425,13.0,Desconhecido,20b0dc445a829768b500f616c97af9bd4e8868bff1c9df5c7e1c3cf4ce1818c3
735,0,2,23,0,0,233639,13.0,Desconhecido,be397f508868e771dd4428e00260f3997e1eb87ec24753b44f9db9fb895d00e3
736,0,3,28,0,0,54636,16.1,Desconhecido,ca12c6f2ef96e666d8313bb3ffd1d852fb81144cbf6535a567b078d3a99b44e9
737,0,3,48,1,3,W./C. 6608,34.375,Desconhecido,7b8cb670186a9fe93c94fcd2604412d01b0ba28d4d4d3adb67c8c1f0f0f33e6c
738,1,1,35,0,0,PC 17755,512.3292,B101,4638f047e16067ac977368716ff45546389caa549d45c352fa2b2b8ee1582633
739,0,3,28,0,0,349201,7.8958,Desconhecido,f2ae23dcbb9d3dadce116ef6ca454dfd3f4e68fa1971726cab2d4706ab8f1df7
740,0,3,28,0,0,349218,7.8958,Desconhecido,7b3a0dd32d0b37e430b573dc5b417b17ac1cfed96d1c107dc7397a6839f51eab
741,1,1,28,0,0,16988,30.0,D45,07d0e5166fcdea6146440dec226bbdc38f6c7195f98a665dde864a9977e38893
742,0,1,36,1,0,19877,78.85,C46,58c33b15490c814cc50b2668386dfda37500f1efd386aa73d6eb2928e335786d
743,1,1,21,2,2,PC 17608,262.375,B57 B59 B63 B66,0a66881742a648c78b228335168eb0e7be67d383ede6dcc923971de4fafba08e
744,0,3,24,1,0,376566,16.1,Desconhecido,f73e62e898170b35e13a6288bdcd776a72c4ec2c5761f1c7ec1ceef729ec6f0e
745,1,3,31,0,0,STON/O 2. 3101288,7.925,Desconhecido,c32e924fc5c105484946e7193528aa32691239e2cd796b974e8b77d085ac0b96
746,0,1,70,1,1,WE/P 5735,71.0,B22,449885c7d74c74dcd789a6883f5976947996e6b3710086ed8f64d21a3d9e16b9
747,0,3,16,1,1,C.A. 2673,20.25,Desconhecido,d4367c5883f5df64d1f0495ad335f823de4c204db056a6b78c13214ac25300a1
748,1,2,30,0,0,250648,13.0,Desconhecido,57a6abe21f8d00e934b15083532b48d9cafdaf5cab6dcfb787bead6a606ac31f
749,0,1,19,1,0,113773,53.1,D30,4769164e555d0c3939a17f1e31a0ec65f6244f0feca78ba01630d324be146102
750,0,3,31,0,0,335097,7.75,Desconhecido,90df8f1c5fbe9a612f3a4ae48aa6d8956f6ffd5e35dd92782e6eb0efe2d3785f
751,1,2,4,1,1,29103,23.0,Desconhecido,2cfe18ec5fe352b82cb3c8a4f376ce17819dda6d9a117b03d03b877c4e667860
752,1,3,6,0,1,392096,12.475,E121,feefce2c6b36c39d2be7235e7f5d62bad5b17583e67f0ea40b273515fdcabf2e
753,0,3,33,0,0,345780,9.5,Desconhecido,e23d5c847e8c5e0c1b9738e303d2b977eddc1e24e2d12e00f37e45c3ea3f464a
754,0,3,23,0,0,349204,7.8958,Desconhecido,6142714a8dfc1a02dcf6e4673986e7e29f2da8144368573db441aa06983e3b3c
755,1,2,48,1,2,220845,65.0,Desconhecido,299327597de904f5b6f4973b0896b9b4b62cfc5f4e6f8da2840d4a3adb97bcfb
756,1,2,0,1,1,250649,14.5,Desconhecido,877084ed61bd300485d1267037212677354924f8809a624b21bb09cc7ccb5e01
757,0,3,28,0,0,350042,7.7958,Desconhecido,28d1024c247ef4a895ba0cb4cee2fbaada92870bb6122340aa39522c9f27fdd1
758,0,2,18,0,0,29108,11.5,Desconhecido,0459ff3f6573bb8cf3f4c3c53b5741ab9fa74fb3b1473d4a0d5a4a2e02e6859b
759,0,3,34,0,0,363294,8.05,Desconhecido,eeb182546c71526937f9eeaf89e10bf08089bbc390035d9c2760822ed8a66c31
760,1,1,33,0,0,110152,86.5,B77,a2214c28fce94f7891793bc15a61142132fae0154525887556387bb0fe12db08
761,0,3,28,0,0,358585,14.5,Desconhecido,cb3f64184ac53e19fa9567c0a00ac423d5785c80df8026a345da00485b0263fe
762,0,3,41,0,0,SOTON/O2 3101272,7.125,Desconhecido,fd76041aee5283dafa2283e6a14dae29bb0f756c532af4db8c07ba8e2e762e2e
763,1,3,20,0,0,2663,7.2292,Desconhecido,0a2bc680e94ef5066648236fee95eb6ec4478da8dd9b260df20bfae0688df969
764,1,1,36,1,2,113760,120.0,B96 B98,e094c0a231773ee025041a0c4a93aeef10ab6dc80f85f1e49b22967f043b90fe
765,0,3,16,0,0,347074,7.775,Desconhecido,d585078f17c02aae27f53e904d4c490ecd09ddf4c73abc3692a20a135754e225
766,1,1,51,1,0,13502,77.9583,D11,27af1b33655cd8343681cca6baa1c0a5badd30cab2f5ebc210c0e9ede9057d4e
767,0,1,28,0,0,112379,39.6,Desconhecido,a923fa9190e4e28763f0b1dc7c14c98dc93b28403e8d5608c02918428ff95eff
768,0,3,30,0,0,364850,7.75,Desconhecido,aa86f04f86758d34d4fd93a7fecc31a84dc7385787e4ea8fec2fe75b8e8f50fd
769,0,3,28,1,0,371110,24.15,Desconhecido,2a24fc7b9ef41888b4e9db381468af5187e05afa4b740bdc6feeef2630078c6d
770,0,3,32,0,0,8471,8.3625,Desconhecido,c789f134fa77f410591c958fd6a2bd482618804cc34bbf72f6e79228642e8fe3
771,0,3,24,0,0,345781,9.5,Desconhecido,eaf71c4ce2f73b9859c8fcbbeef90a99a43ca0fab2fd143b46d44cd6662d9d3b
772,0,3,48,0,0,350047,7.8542,Desconhecido,e0ddce3e77f354123f17e641b561191206872df45df4470412131c63e181c5fe
773,0,2,57,0,0,S.O./P.P. 3,10.5,E77,d6ebfee705576e29828e1ce175c7c36075b05a90173e8e3ec51a5a3c1d5c921a
774,0,3,28,0,0,2674,7.225,Desconhecido,61aefb71c43046a4e33045e8933536dcf5012d643fe07eec0ffd3c37e589d1b7
775,1,2,54,1,3,29105,23.0,Desconhecido,be3795ac1930c1a441587a8fe25c3182b8659c2cbf98ccffbaeeead180c9d50c
776,0,3,18,0,0,347078,7.75,Desconhecido,bad3aa5b1e155c008a77d46a696e8c76fab3099cc4b147bce70963bb5ed957f7
777,0,3,28,0,0,383121,7.75,F38,97ebdac5bab0c3fe0651cf19c26d9a800d59f4ff02ac0ced5c5a8953b8992710
778,1,3,5,0,0,364516,12.475,Desconhecido,eeda608a0eb6f3ea129c92798a9b3d327859e1289fb4b60134333728dea1a73a
779,0,3,28,0,0,36865,7.7375,Desconhecido,6c7974b673273424557a1e78f6fdc2d6abec4e9d9952de97b80543b4d7fb7218
780,1,1,43,0,1,24160,211.3375,B3,6a0d23a7fb13c6a8995c408a7eecb9b52d86b8c14d2a73caca15a00704b5d3e8
781,1,3,13,0,0,2687,7.2292,Desconhecido,d8e154717341202223f3e2d265ea950391c67477c24e7d3344c0f49d22ec17da
782,1,1,17,1,0,17474,57.0,B20,87d321586dbc6455b9f5afcdc0bac3238dd53bf1ce11f479afa17b001ae6cfd9
783,0,1,29,0,0,113501,30.0,D6,fce347fba848d17ad939851dc65b838ff9fba7d6020522782ba663bf2bf29794
784,0,3,28,1,2,W./C. 6607,23.45,Desconhecido,c41d0b28ff8849326efaeb95a1ddaaa0e9f15207d71d983ed37155bfdb0c6d35
785,0,3,25,0,0,SOTON/O.Q. 3101312,7.05,Desconhecido,64153de6aee193ecea981d1005f03d4820d3d9377c85aa8c4a67ce93c8cd703d
786,0,3,25,0,0,374887,7.25,Desconhecido,0e34241c5c38951ca39340241f44bee0f23cbfa4fac39e0cc4b42144f2fa4f36
787,1,3,18,0,0,3101265,7.4958,Desconhecido,f48c3369cf3c47ab9375548165835e5555fd7ee80ad7df78065f222e2f86ae6c
788,0,3,8,4,1,382652,29.125,Desconhecido,1ea8a07efe95198c98367e54303c6fd38beaab28db0918cda7b3757253b5531b
789,1,3,1,1,2,C.A. 2315,20.575,Desconhecido,b91ee621c26e2adce54f9419798c2e59c6d6d4b71deb1f297dcefbcdae7b4b07
790,0,1,46,0,0,PC 17593,79.2,B82 B84,9da1d900000db8504f7543a0fc4936c4b11d8dd41e345f3d08cbab45addfd30f
791,0,3,28,0,0,12460,7.75,Desconhecido,94557e1191d7955b3c0b99f979d95b586df7f3bc575dd0a90dda2ee6100fd004
792,0,2,16,0,0,239865,26.0,Desconhecido,646850a9364e42e5bf60fae4aa267cdbffb03793b498b815f921172af35cfcea
793,0,3,28,8,2,CA. 2343,69.55,Desconhecido,a2815842fb32de6761263586375d93b6bc3a03a92a7a3364dd70acdac481a8f4
794,0,1,28,0,0,PC 17600,30.6958,Desconhecido,d0c3f86cd56649954cc6ae6d283e007637a0baa45f534f32c25b5cbc20e2308a
795,0,3,25,0,0,349203,7.8958,Desconhecido,61e3a0a773f33c72b772a591b3d255c1f07c95db4141ee328c4422541354ad84
796,0,2,39,0,0,28213,13.0,Desconhecido,6167ed6d4f096c08e0e2f17d75e47049a0a6a36e56c658f17009ba43f618556f
797,1,1,49,0,0,17465,25.9292,D17,a29612c4be64a81f67564804f3f42545c687ac8f8c7175e98d9ebe6990f461a6
798,1,3,31,0,0,349244,8.6833,Desconhecido,68d063839e9eb4aaa3f034d71ff90f6725c2124f56e03d7e1ee95f56eb31a6e9
799,0,3,30,0,0,2685,7.2292,Desconhecido,facadebed18dc5eeb429eca502d0aa2c77f8c1c65169983bc704ed498cdb90e2
800,0,3,30,1,1,345773,24.15,Desconhecido,7fe4e30106314ef32073dc04ba230e27b3fa82938c90be936af15ec6dceead38
801,0,2,34,0,0,250647,13.0,Desconhecido,415df9fe7a9c9335ac6098bc5281f694ee137877d717d75bc2570fd873b97e1d
802,1,2,31,1,1,C.A. 31921,26.25,Desconhecido,846af91089fb15978b7b821e178f67a08ddd631fa1857fc38d50459fe08b115a
803,1,1,11,1,2,113760,120.0,B96 B98,244d9c466c213333268549c4b9a61a4adb9a493fb7dfdce162550859082936a9
804,1,3,0,0,1,2625,8.5167,Desconhecido,e64887cc9f4696336696532806e0733920341389b6754a9b36aac4b53d25f4c7
805,1,3,27,0,0,347089,6.975,Desconhecido,9b095620d5ecadb864fb78da44a08b357e2d66765c729d786ea9d1b1bdf330a7
806,0,3,31,0,0,347063,7.775,Desconhecido,b74b47fae663aada005c847fee2e009a4bf9baf20be68abedb628819184261fe
807,0,1,39,0,0,112050,0.0,A36,6228ec9e830708d07c2dcccdc4965391bbcc1c0429fcfb92449f105c52848ea4
808,0,3,18,0,0,347087,7.775,Desconhecido,77b276add0031a567a5277d9c10153417325d348d68dda51a9ff22efad8b01f1
809,0,2,39,0,0,248723,13.0,Desconhecido,2b5c1e1054adc46c204b666128c4303a632bbbc6cd8bea8cdcc027c8e357896a
810,1,1,33,1,0,113806,53.1,E8,7d713bbe482e062b21c2a20b74cbeb132ccaa55b4fa092fafcadd0743133bb56
811,0,3,26,0,0,3474,7.8875,Desconhecido,76e518cf1ed63db471176dcadc5efe133d9d75a63587ddfad405a044c662135a
812,0,3,39,0,0,A/4 48871,24.15,Desconhecido,03224ef4c524cae1261b5a9b33d82383f4d6b644c7776b3dffc4595d7398c958
813,0,2,35,0,0,28206,10.5,Desconhecido,b34924dac777a425644d1cf27c0ccf00f0d077f171aac9267fcdb76e590c54d7
814,0,3,6,4,2,347082,31.275,Desconhecido,ff5ade703119c06b4d442a62959db0c9567771ea6146af629603d39ec7c85ce4
815,0,3,30,0,0,364499,8.05,Desconhecido,ccbc0533da0299eb35ea010474b0542ddc8d508a10bc56b999db3ea88f6c9376
816,0,1,28,0,0,112058,0.0,B102,fd6c5e91c30aa0af6dcbbca877146f8d30bef94a6ec8a73eede0611895da856e
817,0,3,23,0,0,STON/O2. 3101290,7.925,Desconhecido,cbadcb1b9f8fce8a931a1bc06747aacf3cebf4594ee25f4a3949b5159b895655
818,0,2,31,1,1,S.C./PARIS 2079,37.0042,Desconhecido,1f4fa94ac829dacbecaf8a52bf7bd8d4d34ffe932acfbd21c99b16bc36405f12
819,0,3,43,0,0,C 7075,6.45,Desconhecido,47bc29742beb40652fb87c9b72e1758ddf5dc9a3305e4ad3966c44ea1aceec5d
820,0,3,10,3,2,347088,27.9,Desconhecido,c4573bc7c531292f2062118e4682d1b52a0a6894b5dfd981f5d803b5a5e1aa59
821,1,1,52,1,1,12749,93.5,B69,3a8d246ec36a741ba9d369b1c6e6b591069d19f3a1e6934830d5eaebafd14ebd
822,1,3,27,0,0,315098,8.6625,Desconhecido,8a95c9e7aac45f5e52a6068335d7e108399965369d35ad6a97bb0984d0c9575d
823,0,1,38,0,0,19972,0.0,Desconhecido,9f5f178a5c6a7c140c3e938448f28db775bfb2575c4844ca39f66351158a858d
824,1,3,27,0,1,392096,12.475,E121,9c959eab03ca16d4b5b4ac2f81a42f245a4c803a20fd861585b919ffefed5b09
825,0,3,2,4,1,3101295,39.6875,Desconhecido,db03e59301a122b3c3fb4c3b2c1fa1ea1adf7aefc746011f316ecf33378d95aa
826,0,3,28,0,0,368323,6.95,Desconhecido,f25e8706580aa5694cd917e56ecd8b110d98fc7724e6a96bfd40d052d8211167
827,0,3,28,0,0,1601,56.4958,Desconhecido,6cf0386d8ca8826bf57c43a64c28b29479b286bdc52cff5869d20c5884ebab1a
828,1,2,1,0,2,S.C./PARIS 2079,37.0042,Desconhecido,993c2c31cb64526ef2824444e589c2abaf3680262c6604f84d106f7290d508cd
829,1,3,28,0,0,367228,7.75,Desconhecido,4752cf1eb10b123cae5d9348c4a6d57b71921334dffa5db050f242a22c3006c9
830,1,1,62,0,0,113572,80.0,B28,da6f8cf4f35a1b2198762b80168e3d9b4ff310d91f34c5e4907bb000c9a9ccd2
831,1,3,15,1,0,2659,14.4542,Desconhecido,a6b5ee2dd11d7647a0af8cf2c5b781049a96c4ab17fde361d30136592b7651cf
832,1,2,0,1,1,29106,18.75,Desconhecido,66dadc95b2baa15e34b087aa535cc05ab9f740c2ad5954b2eead0ef293927b66
833,0,3,28,0,0,2671,7.2292,Desconhecido,8cbaa7423cde70187ac01273b0b53599b9e2e83002614276b144eec43e2cee63
834,0,3,23,0,0,347468,7.8542,Desconhecido,a45bc1301175564ea5121a3b6c48a1254a7355ddc9d0eccd34772d51e7e58355
835,0,3,18,0,0,2223,8.3,Desconhecido,8769c464102724d0d1d75e7a498bde412789b89002b7c82190019edd08f17c90
836,1,1,39,1,1,PC 17756,83.1583,E49,adccff3943c2af7597e646bc4f0b8b3a57ff984ae1087c7eabdb6e82ec208e1f
837,0,3,21,0,0,315097,8.6625,Desconhecido,dfd6fda1be679084d17c9998cb9ad9845f17ee5872506cc340c92c021e57fb7d
838,0,3,28,0,0,392092,8.05,Desconhecido,4a8f369624ebf76b11f074176ea59025ebcca64477a71f440183ddbf640932a7
839,1,3,32,0,0,1601,56.4958,Desconhecido,c0263a0997bc9ceb5ac364abc047fc2dab70c39315ead7f2037f8fdcd7f9d803
840,1,1,28,0,0,11774,29.7,C47,88089b11d28661a3c71d2a91bbaf8a4308c7ccfc737ec5fa43e96753755e1c28
841,0,3,20,0,0,SOTON/O2 3101287,7.925,Desconhecido,241f73ab48e75a125de7167dbdd807b0789d7fda34701907dbbfdd4ec421c282
842,0,2,16,0,0,S.O./P.P. 3,10.5,Desconhecido,84058bc150dbbeebe25f91426f6344431270f80a457a114436a6b45816e3c5ff
843,1,1,30,0,0,113798,31.0,Desconhecido,694e4d99cedb366903a735488a3c8d176693632652461e9d5d807564076e1c15
844,0,3,34,0,0,2683,6.4375,Desconhecido,dd19aa4914f2ac205874ea7d643ffdc9c2707ddc009f1050fcc140308849d4bd
845,0,3,17,0,0,315090,8.6625,Desconhecido,5580d111fe54279ffdf169869a57c68e77996d6a4917a3baef4000e9cc2480c4
846,0,3,42,0,0,C.A. 5547,7.55,Desconhecido,c9107f5842c0d704cc2a42d17b532ed5e4dddc15a8cf7b4342a65af6f630962a
847,0,3,28,8,2,CA. 2343,69.55,Desconhecido,c990204f3989adb43ed0fed85f2980e16be867d8b485f1a398f04cf22d1c764d
848,0,3,35,0,0,349213,7.8958,Desconhecido,c5ce1e5080dd78a12d1cd1c74d13fd4ab14ace76cad5e765bf32d6c6e09d16f6
849,0,2,28,0,1,248727,33.0,Desconhecido,a441d98995dc2712640a8787f1faddd0b6d372e46cb0b183de28f261a1d8a19f
850,1,1,28,1,0,17453,89.1042,C92,3561e23b8e687008a678954e1fe345eb63c6b42997d263c7b1fa41666658e0b6
851,0,3,4,4,2,347082,31.275,Desconhecido,3ae95d799ea9f9719a1da75d7da2eeabc16a640adcf781c43cd0bff1b588e142
852,0,3,74,0,0,347060,7.775,Desconhecido,ff67d7e526c9791a5be93132702cb04e43d0d9a511fea701ccdeb51febeb41fb
853,0,3,9,1,1,2678,15.2458,Desconhecido,217c01a29dc83310f413595d70286b3316d98bd9ec7d26715fe90b53fedd3eb6
854,1,1,16,0,1,PC 17592,39.4,D28,d0f57e4eb4678c8c59be90a4e086c382c70c5069d46767c00bf19f2e0c67733b
855,0,2,44,1,0,244252,26.0,Desconhecido,dd4e89c5907a12ab3bbd4e0334eda3f5262e3aa8cd20d8c2a6ea1284df45256f
856,1,3,18,0,1,392091,9.35,Desconhecido,4c724f68fd2b8c03eeacb7d1ccc1a38942139796b72f19efb2cf78220c78104d
857,1,1,45,1,1,36928,164.8667,Desconhecido,c071cdf88601788375087e884e6921ae043487472c6d0a21f03b2746ed9c36cb
858,1,1,51,0,0,113055,26.55,E17,d071de3afec0ca03b5a509951565562a2674694ad98ff4bdba88446bd5989c24
859,1,3,24,0,3,2666,19.2583,Desconhecido,355c9a1a5a1a2ffbd8b90b8540523b62fc17be31969765fb65d1ca47efae4ccd
860,0,3,28,0,0,2629,7.2292,Desconhecido,37957a45bdec8364fcf6b9754d66764c9c8def9ce72ba18405143caae105e2ba
861,0,3,41,2,0,350026,14.1083,Desconhecido,2baa18467144cb57b8e1d58d922f996a0f158c27adca56a42b4914f500490a08
862,0,2,21,1,0,28134,11.5,Desconhecido,2d2c93712d41b9bd2e2b35b63e11f0cdd75c620eb3ad7652b51e736e6ff11edc
863,1,1,48,0,0,17466,25.9292,D17,2b8ce32015ecfd0fd9ba683050197436eb914027e9b6bcabaf72e53f3b869515
864,0,3,28,8,2,CA. 2343,69.55,Desconhecido,20335214ebbadbdaac5ae669b2bc2df122fdcc809fd4676f9f076699a9bd2502
865,0,2,24,0,0,233866,13.0,Desconhecido,1e7bb74082db4c74f31772846147384bacf38fa3bb4a9608ce0d5625daa1e9ab
866,1,2,42,0,0,236852,13.0,Desconhecido,da02d723928641b2cb007f4ef5a5b9ea975d7dd1fabb3123e0e073e8df710ea0
867,1,2,27,1,0,SC/PARIS 2149,13.8583,Desconhecido,d7d268802c63f13b64b7924d4574ef4140e4f439d09f9b70697c85ac1c268d7c
868,0,1,31,0,0,PC 17590,50.4958,A24,9137f33b84c5e8f15bf58c95269d696fecfe8fc67138d860a9499a1ee55a6591
869,0,3,28,0,0,345777,9.5,Desconhecido,524975bb0f67d2813160c6fd9e84b1cd6ce3f0db612823fce2e0a989dd4ac598
870,1,3,4,1,1,347742,11.1333,Desconhecido,499eb7ba7f3f3252324d59045206f055689d41ee50e7676d338f69fdf7fe6e1b
871,0,3,26,0,0,349248,7.8958,Desconhecido,6e06bd39455eccef8055af3aa627c98869d4ff04f2ba8533b30910e28c9e21e3
872,1,1,47,1,1,11751,52.5542,D35,64f081dac89158a7f5171e9f1b8c0cda327782450bf49c26ea53ab8811e994aa
873,0,1,33,0,0,695,5.0,B51 B53 B55,cbfd84d7d63c3d51ee733cfa028936f409619b142e44cc675297093ca3e18cf2
874,0,3,47,0,0,345765,9.0,Desconhecido,bc35b13a1ad1222a6b92d149c48288c759b20a809295be2874b9f01bcab14672
875,1,2,28,1,0,P/PP 3381,24.0,Desconhecido,d93a6ea9f1ce64633ea8a595fad6bf9d0eed7eea0bb72df84bff491c0cb935de
876,1,3,15,0,0,2667,7.225,Desconhecido,e0fca02f28ab4e201854d6bd0b2007f1ae4f23ec996e0009d609fc7c59e93079
877,0,3,20,0,0,7534,9.8458,Desconhecido,b258fc4e0101edab262c4f77f982c826eef3c60e318bb1b12a9618cb52b4064c
878,0,3,19,0,0,349212,7.8958,Desconhecido,6c6e0958674803761e7688a360fad380cb0ab3ad7739bb7ab4c5a19d421522b6
879,0,3,28,0,0,349217,7.8958,Desconhecido,aa28b9d8f789a0cdaf3228f12d666e6d085da63f221d3cf4b52cfe28bcbda6ce
880,1,1,56,0,1,11767,83.1583,C50,092e505baf98bcf1c1295ed579999cb29142096593361af1ccff02ca7ad6476f
881,1,2,25,0,1,230433,26.0,Desconhecido,5dc3f65f20d6c2e485b3c2459ce90ccb9b2b786612b5b2a46bbe5c79f66b041f
882,0,3,33,0,0,349257,7.8958,Desconhecido,940cc80cb91af6829fd4813ff177208a53be4374085fd7bd3128684d70bcd190
883,0,3,22,0,0,7552,10.5167,Desconhecido,a7e9982c8ef666b8cec81604973133da7da275778cced0593f4350d8693f4b50
884,0,2,28,0,0,C.A./SOTON 34068,10.5,Desconhecido,91c639a226462467500661e2cc7822dafb11ce810ce1fb057c05c9556cc9b52b
885,0,3,25,0,0,SOTON/OQ 392076,7.05,Desconhecido,9657466b8759db96aa12d0196a6f4a25e135bcd8aab1eef43230e6c98eda0d09
886,0,3,39,0,5,382652,29.125,Desconhecido,9aacc96c797759e153e224195bdf178a2169bd3ec246609649582a3e59a22be1
887,0,2,27,0,0,211536,13.0,Desconhecido,7640265092299892585a3e731415b9cfd5595cdfcabbb09c16bb39c4c3a809af
888,1,1,19,0,0,112053,30.0,B42,9d2c4b809ddced040225530cf657cc95c50f05bc6c3374db9a53bf12c0f55f03
889,0,3,28,1,2,W./C. 6607,23.45,Desconhecido,a88e28aa4b60cabad2df4a2963b8934e9dffab44d5ba298223cc2377a48914d3
890,1,1,26,0,0,111369,30.0,C148,c59f44f1454eaf17e2d3d90f6d02d271a6034f0a495e734f8d2b40e3d655c2c3
891,0,3,32,0,0,370376,7.75,Desconhecido,f5df0510b9df40fca87a540f500619f14f116fd57bfca0f849b4bf2756ab873c
